,full_name,birthdate,team_id,position,nationality,created_at,updated_at
0,P. Bernardoni,18/04/97,Angers Sporting Club de l'Ouest,Gar.,FRA,2021-07-01 13:56:41.648858,2021-07-01 13:56:41.652471
1,L. Butelle,3/04/83,Angers Sporting Club de l'Ouest,Gar.,FRA,2021-07-01 13:56:41.648858,2021-07-01 13:56:41.652471
2,D. Petkovic,25/05/93,Angers Sporting Club de l'Ouest,Gar.,MNE,2021-07-01 13:56:41.648858,2021-07-01 13:56:41.652471
3,A. Bamba,25/04/90,Angers Sporting Club de l'Ouest,Déf.,CIV,2021-07-01 13:56:41.648858,2021-07-01 13:56:41.652471
4,K. Boma,20/11/02,Angers Sporting Club de l'Ouest,Déf.,FRA,2021-07-01 13:56:41.648858,2021-07-01 13:56:41.652471
5,E. Diaw,31/12/94,Angers Sporting Club de l'Ouest,Déf.,SEN,2021-07-01 13:56:41.648858,2021-07-01 13:56:41.652471
6,S. Doumbia,24/09/96,Angers Sporting Club de l'Ouest,Déf.,CIV,2021-07-01 13:56:41.648858,2021-07-01 13:56:41.652471
7,I. Dramé,,Angers Sporting Club de l'Ouest,Déf.,FRA,2021-07-01 13:56:41.648858,2021-07-01 13:56:41.652471
8,E. Ebosse,11/03/99,Angers Sporting Club de l'Ouest,Déf.,FRA,2021-07-01 13:56:41.648858,2021-07-01 13:56:41.652471
9,O. Falouh,12/07/99,Angers Sporting Club de l'Ouest,Déf.,MAR,2021-07-01 13:56:41.648858,2021-07-01 13:56:41.652471
10,V. Manceau,10/07/89,Angers Sporting Club de l'Ouest,Déf.,FRA,2021-07-01 13:56:41.648858,2021-07-01 13:56:41.652471
11,M. Pavlovic,9/06/90,Angers Sporting Club de l'Ouest,Déf.,CRO,2021-07-01 13:56:41.648858,2021-07-01 13:56:41.652471
12,R. Thomas,12/06/88,Angers Sporting Club de l'Ouest,Déf.,FRA,2021-07-01 13:56:41.648858,2021-07-01 13:56:41.652471
13,I. Traoré,18/08/86,Angers Sporting Club de l'Ouest,Déf.,CIV,2021-07-01 13:56:41.648858,2021-07-01 13:56:41.652471
14,I. Amadou,6/04/93,Angers Sporting Club de l'Ouest,Mil.,FRA,2021-07-01 13:56:41.648858,2021-07-01 13:56:41.652471
15,K. Bemanga,20/04/98,Angers Sporting Club de l'Ouest,Mil.,FRA,2021-07-01 13:56:41.648858,2021-07-01 13:56:41.652471
16,A. Bobichon,14/09/95,Angers Sporting Club de l'Ouest,Mil.,FRA,2021-07-01 13:56:41.648858,2021-07-01 13:56:41.652471
17,S. Boufal,17/09/93,Angers Sporting Club de l'Ouest,Mil.,MAR,2021-07-01 13:56:41.648858,2021-07-01 13:56:41.652471
18,J. Cabot,18/04/94,Angers Sporting Club de l'Ouest,Mil.,FRA,2021-07-01 13:56:41.648858,2021-07-01 13:56:41.652471
19,P. Capelle,15/04/87,Angers Sporting Club de l'Ouest,Mil.,FRA,2021-07-01 13:56:41.648858,2021-07-01 13:56:41.652471
20,M. Cho,19/01/04,Angers Sporting Club de l'Ouest,Mil.,FRA,2021-07-01 13:56:41.648858,2021-07-01 13:56:41.652471
21,L. Coulibaly,10/04/96,Angers Sporting Club de l'Ouest,Mil.,MLI,2021-07-01 13:56:41.648858,2021-07-01 13:56:41.652471
22,A. Fulgini,20/08/96,Angers Sporting Club de l'Ouest,Mil.,FRA,2021-07-01 13:56:41.648858,2021-07-01 13:56:41.652471
23,T. Mangani,29/04/87,Angers Sporting Club de l'Ouest,Mil.,FRA,2021-07-01 13:56:41.648858,2021-07-01 13:56:41.652471
24,K. Mouanga,24/07/00,Angers Sporting Club de l'Ouest,Mil.,FRA,2021-07-01 13:56:41.648858,2021-07-01 13:56:41.652471
25,Z. Ould Khaled,14/01/00,Angers Sporting Club de l'Ouest,Mil.,FRA,2021-07-01 13:56:41.648858,2021-07-01 13:56:41.652471
26,M. Pereira Lage,30/11/96,Angers Sporting Club de l'Ouest,Mil.,POR,2021-07-01 13:56:41.648858,2021-07-01 13:56:41.652471
27,W. Taïbi,7/03/02,Angers Sporting Club de l'Ouest,Mil.,FRA,2021-07-01 13:56:41.648858,2021-07-01 13:56:41.652471
28,R. Alioui,18/06/92,Angers Sporting Club de l'Ouest,Att.,MAR,2021-07-01 13:56:41.648858,2021-07-01 13:56:41.652471
29,S. Bahoken,28/05/92,Angers Sporting Club de l'Ouest,Att.,CAM,2021-07-01 13:56:41.648858,2021-07-01 13:56:41.652471
30,L. Diony,20/12/92,Angers Sporting Club de l'Ouest,Att.,FRA,2021-07-01 13:56:41.648858,2021-07-01 13:56:41.652471
31,F. El-Melali,13/07/97,Angers Sporting Club de l'Ouest,Att.,ALG,2021-07-01 13:56:41.648858,2021-07-01 13:56:41.652471
32,N. Fatar,15/02/02,Angers Sporting Club de l'Ouest,Att.,FRA,2021-07-01 13:56:41.648858,2021-07-01 13:56:41.652471
33,Y. Fortuné,30/01/99,Angers Sporting Club de l'Ouest,Att.,FRA,2021-07-01 13:56:41.648858,2021-07-01 13:56:41.652471
34,S. Thioub,1/06/95,Angers Sporting Club de l'Ouest,Att.,SEN,2021-07-01 13:56:41.648858,2021-07-01 13:56:41.652471
35,S. Thioub,1/06/95,Angers Sporting Club de l'Ouest,Att.,SEN,2021-07-01 13:56:41.648858,2021-07-01 13:56:41.652471
36,B. Costil,3/07/87,Football Club des Girondins de Bordeaux,Gar.,FRA,2021-07-01 13:56:41.648858,2021-07-01 13:56:41.652471
37,D. Lima Semedo,27/04/02,Football Club des Girondins de Bordeaux,Gar.,FRA,2021-07-01 13:56:41.648858,2021-07-01 13:56:41.652471
38,C. Michel,20/03/00,Football Club des Girondins de Bordeaux,Gar.,BEL,2021-07-01 13:56:41.648858,2021-07-01 13:56:41.652471
39,G. Poussin,13/01/99,Football Club des Girondins de Bordeaux,Gar.,FRA,2021-07-01 13:56:41.648858,2021-07-01 13:56:41.652471
40,D. Rouyard,17/08/99,Football Club des Girondins de Bordeaux,Gar.,FRA,2021-07-01 13:56:41.648858,2021-07-01 13:56:41.652471
41,P. Baysse,18/05/88,Football Club des Girondins de Bordeaux,Déf.,FRA,2021-07-01 13:56:41.648858,2021-07-01 13:56:41.652471
42,L. Benito,7/01/92,Football Club des Girondins de Bordeaux,Déf.,SUI,2021-07-01 13:56:41.648858,2021-07-01 13:56:41.652471
43,L. Bessilé,19/02/99,Football Club des Girondins de Bordeaux,Déf.,FRA,2021-07-01 13:56:41.648858,2021-07-01 13:56:41.652471
44,M. Bokélé Mputu,12/02/00,Football Club des Girondins de Bordeaux,Déf.,FRA,2021-07-01 13:56:41.648858,2021-07-01 13:56:41.652471
45,D. Cardoso,13/12/94,Football Club des Girondins de Bordeaux,Déf.,MAO,2021-07-01 13:56:41.648858,2021-07-01 13:56:41.652471
46,V. Jovanovic,17/05/96,Football Club des Girondins de Bordeaux,Déf.,SER,2021-07-01 13:56:41.648858,2021-07-01 13:56:41.652471
47,L. Koscielny,10/09/85,Football Club des Girondins de Bordeaux,Déf.,FRA,2021-07-01 13:56:41.648858,2021-07-01 13:56:41.652471
48,E. Kwateng,9/04/97,Football Club des Girondins de Bordeaux,Déf.,FRA,2021-07-01 13:56:41.648858,2021-07-01 13:56:41.652471
49,E. Mexer,8/09/88,Football Club des Girondins de Bordeaux,Déf.,MOZ,2021-07-01 13:56:41.648858,2021-07-01 13:56:41.652471
50,M. Poundjé,16/08/92,Football Club des Girondins de Bordeaux,Déf.,FRA,2021-07-01 13:56:41.648858,2021-07-01 13:56:41.652471
51,Y. Sabaly,5/03/93,Football Club des Girondins de Bordeaux,Déf.,SEN,2021-07-01 13:56:41.648858,2021-07-01 13:56:41.652471
52,I. Sow,19/02/01,Football Club des Girondins de Bordeaux,Déf.,FRA,2021-07-01 13:56:41.648858,2021-07-01 13:56:41.652471
53,Y. Adli,29/07/00,Football Club des Girondins de Bordeaux,Mil.,FRA,2021-07-01 13:56:41.648858,2021-07-01 13:56:41.652471
54,T. Basic,25/11/96,Football Club des Girondins de Bordeaux,Mil.,CRO,2021-07-01 13:56:41.648858,2021-07-01 13:56:41.652471
55,T. Lacoux,25/01/02,Football Club des Girondins de Bordeaux,Mil.,FRA,2021-07-01 13:56:41.648858,2021-07-01 13:56:41.652471
56,Otavio,4/05/94,Football Club des Girondins de Bordeaux,Mil.,BRE,2021-07-01 13:56:41.648858,2021-07-01 13:56:41.652471
57,J. Seri,19/07/91,Football Club des Girondins de Bordeaux,Mil.,CIV,2021-07-01 13:56:41.648858,2021-07-01 13:56:41.652471
58,I. Sissokho,30/01/02,Football Club des Girondins de Bordeaux,Mil.,MLI,2021-07-01 13:56:41.648858,2021-07-01 13:56:41.652471
59,M. Zerkane,15/07/99,Football Club des Girondins de Bordeaux,Mil.,FRA,2021-07-01 13:56:41.648858,2021-07-01 13:56:41.652471
60,D. Bakwa,26/08/02,Football Club des Girondins de Bordeaux,Att.,FRA,2021-07-01 13:56:41.648858,2021-07-01 13:56:41.652471
61,H. Ben Arfa,7/03/87,Football Club des Girondins de Bordeaux,Att.,FRA,2021-07-01 13:56:41.648858,2021-07-01 13:56:41.652471
62,J. Briand,2/08/85,Football Club des Girondins de Bordeaux,Att.,FRA,2021-07-01 13:56:41.648858,2021-07-01 13:56:41.652471
63,N. De Préville,8/01/91,Football Club des Girondins de Bordeaux,Att.,FRA,2021-07-01 13:56:41.648858,2021-07-01 13:56:41.652471
64,L. Delaurier-Ch...,22/04/02,Football Club des Girondins de Bordeaux,Att.,FRA,2021-07-01 13:56:41.648858,2021-07-01 13:56:41.652471
65,I. Diarra,19/05/98,Football Club des Girondins de Bordeaux,Att.,FRA,2021-07-01 13:56:41.648858,2021-07-01 13:56:41.652471
66,U. Hwang,28/08/92,Football Club des Girondins de Bordeaux,Att.,CDS,2021-07-01 13:56:41.648858,2021-07-01 13:56:41.652471
67,S. Kalu,26/08/97,Football Club des Girondins de Bordeaux,Att.,NGA,2021-07-01 13:56:41.648858,2021-07-01 13:56:41.652471
68,S. Mara,30/07/02,Football Club des Girondins de Bordeaux,Att.,FRA,2021-07-01 13:56:41.648858,2021-07-01 13:56:41.652471
69,R. Oudin,18/11/96,Football Club des Girondins de Bordeaux,Att.,FRA,2021-07-01 13:56:41.648858,2021-07-01 13:56:41.652471
70,A. Traoré,7/03/02,Football Club des Girondins de Bordeaux,Att.,FRA,2021-07-01 13:56:41.648858,2021-07-01 13:56:41.652471
71,A. Traoré,7/03/02,Football Club des Girondins de Bordeaux,Att.,FRA,2021-07-01 13:56:41.648858,2021-07-01 13:56:41.652471
72,S. Cibois,2/03/98,Stade Brestois 29,Gar.,FRA,2021-07-01 13:56:41.648858,2021-07-01 13:56:41.652471
73,M. Hassen,5/03/95,Stade Brestois 29,Gar.,TUN,2021-07-01 13:56:41.648858,2021-07-01 13:56:41.652471
74,G. Larsonneur,23/02/97,Stade Brestois 29,Gar.,FRA,2021-07-01 13:56:41.648858,2021-07-01 13:56:41.652471
75,L. Baal,24/05/86,Stade Brestois 29,Déf.,FRA,2021-07-01 13:56:41.648858,2021-07-01 13:56:41.652471
76,D. Bain,2/07/93,Stade Brestois 29,Déf.,FRA,2021-07-01 13:56:41.648858,2021-07-01 13:56:41.652471
77,L. Brassier,2/11/99,Stade Brestois 29,Déf.,FRA,2021-07-01 13:56:41.648858,2021-07-01 13:56:41.652471
78,B. Chardonnet,22/12/94,Stade Brestois 29,Déf.,FRA,2021-07-01 13:56:41.648858,2021-07-01 13:56:41.652471
79,J. Duverne,12/07/97,Stade Brestois 29,Déf.,FRA,2021-07-01 13:56:41.648858,2021-07-01 13:56:41.652471
80,J. Faussurier,14/01/87,Stade Brestois 29,Déf.,FRA,2021-07-01 13:56:41.648858,2021-07-01 13:56:41.652471
81,C. Hérelle,22/08/92,Stade Brestois 29,Déf.,FRA,2021-07-01 13:56:41.648858,2021-07-01 13:56:41.652471
82,R. Perraud,22/09/97,Stade Brestois 29,Déf.,FRA,2021-07-01 13:56:41.648858,2021-07-01 13:56:41.652471
83,R. Pierre-Gabriel,13/06/98,Stade Brestois 29,Déf.,FRA,2021-07-01 13:56:41.648858,2021-07-01 13:56:41.652471
84,H. Belkebla,28/01/94,Stade Brestois 29,Mil.,ALG,2021-07-01 13:56:41.648858,2021-07-01 13:56:41.652471
85,K. Benvindo,,Stade Brestois 29,Mil.,FRA,2021-07-01 13:56:41.648858,2021-07-01 13:56:41.652471
86,I. Dioh,21/01/99,Stade Brestois 29,Mil.,FRA,2021-07-01 13:56:41.648858,2021-07-01 13:56:41.652471
87,B. Fadiga,15/01/01,Stade Brestois 29,Mil.,FRA,2021-07-01 13:56:41.648858,2021-07-01 13:56:41.652471
88,R. Faivre,14/07/98,Stade Brestois 29,Mil.,FRA,2021-07-01 13:56:41.648858,2021-07-01 13:56:41.652471
89,Jean Lucas,22/06/98,Stade Brestois 29,Mil.,BRE,2021-07-01 13:56:41.648858,2021-07-01 13:56:41.652471
90,P. Lasne,16/01/89,Stade Brestois 29,Mil.,FRA,2021-07-01 13:56:41.648858,2021-07-01 13:56:41.652471
91,H. Magnetti,30/05/98,Stade Brestois 29,Mil.,FRA,2021-07-01 13:56:41.648858,2021-07-01 13:56:41.652471
92,H. Mbock,28/12/99,Stade Brestois 29,Mil.,FRA,2021-07-01 13:56:41.648858,2021-07-01 13:56:41.652471
93,F. N'Goma,15/06/93,Stade Brestois 29,Mil.,FRA,2021-07-01 13:56:41.648858,2021-07-01 13:56:41.652471
94,R. Philippoteaux,2/03/88,Stade Brestois 29,Mil.,FRA,2021-07-01 13:56:41.648858,2021-07-01 13:56:41.652471
95,D. Bangoura,27/12/01,Stade Brestois 29,Att.,FRA,2021-07-01 13:56:41.648858,2021-07-01 13:56:41.652471
96,I. Cardona,8/08/97,Stade Brestois 29,Att.,FRA,2021-07-01 13:56:41.648858,2021-07-01 13:56:41.652471
97,G. Charbonnier,27/12/88,Stade Brestois 29,Att.,FRA,2021-07-01 13:56:41.648858,2021-07-01 13:56:41.652471
98,F. Honorat,11/08/96,Stade Brestois 29,Att.,FRA,2021-07-01 13:56:41.648858,2021-07-01 13:56:41.652471
99,J. Le Douaron,21/04/98,Stade Brestois 29,Att.,FRA,2021-07-01 13:56:41.648858,2021-07-01 13:56:41.652471
100,S. Mounié,29/09/94,Stade Brestois 29,Att.,BEN,2021-07-01 13:56:41.648858,2021-07-01 13:56:41.652471
101,S. Mounié,29/09/94,Stade Brestois 29,Att.,BEN,2021-07-01 13:56:41.648858,2021-07-01 13:56:41.652471
102,J. Siwe,29/07/01,Dijon Football Côte-d'Or,Att.,FRA,2021-07-01 13:56:41.648858,2021-07-01 13:56:41.652471
103,W. Farinez,15/02/98,Racing Club de Lens,Gar.,VEN,2021-07-01 13:56:41.648858,2021-07-01 13:56:41.652471
104,J. Leca,21/09/85,Racing Club de Lens,Gar.,FRA,2021-07-01 13:56:41.648858,2021-07-01 13:56:41.652471
105,Y. Pandor,1/05/01,Racing Club de Lens,Gar.,FRA,2021-07-01 13:56:41.648858,2021-07-01 13:56:41.652471
106,L. Badé,11/04/00,Racing Club de Lens,Déf.,FRA,2021-07-01 13:56:41.648858,2021-07-01 13:56:41.652471
107,I. Boura,14/08/00,Racing Club de Lens,Déf.,FRA,2021-07-01 13:56:41.648858,2021-07-01 13:56:41.652471
108,J. Clauss,25/09/92,Racing Club de Lens,Déf.,FRA,2021-07-01 13:56:41.648858,2021-07-01 13:56:41.652471
109,Z. Diallo,13/08/86,Racing Club de Lens,Déf.,FRA,2021-07-01 13:56:41.648858,2021-07-01 13:56:41.652471
110,S. Fortes,17/04/92,Racing Club de Lens,Déf.,CAV,2021-07-01 13:56:41.648858,2021-07-01 13:56:41.652471
111,J. Gradit,24/11/92,Racing Club de Lens,Déf.,FRA,2021-07-01 13:56:41.648858,2021-07-01 13:56:41.652471
112,M. Haïdara,2/12/92,Racing Club de Lens,Déf.,MLI,2021-07-01 13:56:41.648858,2021-07-01 13:56:41.652471
113,O. Kamara,29/12/04,Racing Club de Lens,Déf.,FRA,2021-07-01 13:56:41.648858,2021-07-01 13:56:41.652471
114,F. Medina,28/05/99,Racing Club de Lens,Déf.,ARG,2021-07-01 13:56:41.648858,2021-07-01 13:56:41.652471
115,C. Michelin,11/05/97,Racing Club de Lens,Déf.,FRA,2021-07-01 13:56:41.648858,2021-07-01 13:56:41.652471
116,I. Sylla,1/01/93,Racing Club de Lens,Déf.,GUI,2021-07-01 13:56:41.648858,2021-07-01 13:56:41.652471
117,C. Traoré,31/03/95,Racing Club de Lens,Déf.,MLI,2021-07-01 13:56:41.648858,2021-07-01 13:56:41.652471
118,Y. Cahuzac,18/01/85,Racing Club de Lens,Mil.,FRA,2021-07-01 13:56:41.648858,2021-07-01 13:56:41.652471
119,B. Camara,,Racing Club de Lens,Mil.,FRA,2021-07-01 13:56:41.648858,2021-07-01 13:56:41.652471
120,C. Doucouré,8/01/00,Racing Club de Lens,Mil.,MLI,2021-07-01 13:56:41.648858,2021-07-01 13:56:41.652471
121,S. Fofana,7/05/95,Racing Club de Lens,Mil.,CIV,2021-07-01 13:56:41.648858,2021-07-01 13:56:41.652471
122,G. Kakuta,21/06/91,Racing Club de Lens,Mil.,RDC,2021-07-01 13:56:41.648858,2021-07-01 13:56:41.652471
123,A. Louveau,1/02/00,Racing Club de Lens,Mil.,FRA,2021-07-01 13:56:41.648858,2021-07-01 13:56:41.652471
124,T. Mauricio,22/03/94,Racing Club de Lens,Mil.,FRA,2021-07-01 13:56:41.648858,2021-07-01 13:56:41.652471
125,A. Oudjani,29/08/01,Racing Club de Lens,Mil.,FRA,2021-07-01 13:56:41.648858,2021-07-01 13:56:41.652471
126,D. Pereira Da...,5/01/01,Racing Club de Lens,Mil.,POR,2021-07-01 13:56:41.648858,2021-07-01 13:56:41.652471
127,J. Varane,9/09/01,Racing Club de Lens,Mil.,FRA,2021-07-01 13:56:41.648858,2021-07-01 13:56:41.652471
128,S. Banza,13/08/96,Racing Club de Lens,Att.,FRA,2021-07-01 13:56:41.648858,2021-07-01 13:56:41.652471
129,I. Ganago,16/02/99,Racing Club de Lens,Att.,CAM,2021-07-01 13:56:41.648858,2021-07-01 13:56:41.652471
130,C. Jean,15/07/95,Racing Club de Lens,Att.,FRA,2021-07-01 13:56:41.648858,2021-07-01 13:56:41.652471
131,A. Kalimuendo,20/01/02,Racing Club de Lens,Att.,FRA,2021-07-01 13:56:41.648858,2021-07-01 13:56:41.652471
132,F. Sotoca,25/10/90,Racing Club de Lens,Att.,FRA,2021-07-01 13:56:41.648858,2021-07-01 13:56:41.652471
133,A. Sow,9/05/00,Racing Club de Lens,Att.,SEN,2021-07-01 13:56:41.648858,2021-07-01 13:56:41.652471
134,A. Sow,9/05/00,Racing Club de Lens,Att.,SEN,2021-07-01 13:56:41.648858,2021-07-01 13:56:41.652471
135,L. Chevalier,6/11/01,LOSC Lille,Gar.,FRA,2021-07-01 13:56:41.648858,2021-07-01 13:56:41.652471
136,O. Karnezis,11/07/85,LOSC Lille,Gar.,GRE,2021-07-01 13:56:41.648858,2021-07-01 13:56:41.652471
137,M. Maignan,3/07/95,LOSC Lille,Gar.,FRA,2021-07-01 13:56:41.648858,2021-07-01 13:56:41.652471
138,S. Botman,12/01/00,LOSC Lille,Déf.,HOL,2021-07-01 13:56:41.648858,2021-07-01 13:56:41.652471
139,I. Bouleghcha,9/12/02,LOSC Lille,Déf.,FRA,2021-07-01 13:56:41.648858,2021-07-01 13:56:41.652471
140,D. Bradaric,10/12/99,LOSC Lille,Déf.,CRO,2021-07-01 13:56:41.648858,2021-07-01 13:56:41.652471
141,T. Djalo,9/04/00,LOSC Lille,Déf.,POR,2021-07-01 13:56:41.648858,2021-07-01 13:56:41.652471
142,J. Fonte,22/12/83,LOSC Lille,Déf.,POR,2021-07-01 13:56:41.648858,2021-07-01 13:56:41.652471
143,N. Innocenti,19/02/02,LOSC Lille,Déf.,FRA,2021-07-01 13:56:41.648858,2021-07-01 13:56:41.652471
144,R. Mandava,21/01/94,LOSC Lille,Déf.,MOZ,2021-07-01 13:56:41.648858,2021-07-01 13:56:41.652471
145,J. Pied,23/02/89,LOSC Lille,Déf.,FRA,2021-07-01 13:56:41.648858,2021-07-01 13:56:41.652471
146,M. Çelik,17/02/97,LOSC Lille,Déf.,TUR,2021-07-01 13:56:41.648858,2021-07-01 13:56:41.652471
147,B. André,3/08/90,LOSC Lille,Mil.,FRA,2021-07-01 13:56:41.648858,2021-07-01 13:56:41.652471
148,R. Ascone,12/09/03,LOSC Lille,Mil.,FRA,2021-07-01 13:56:41.648858,2021-07-01 13:56:41.652471
149,J. Bamba,26/03/96,LOSC Lille,Mil.,FRA,2021-07-01 13:56:41.648858,2021-07-01 13:56:41.652471
150,A. Camara,20/05/01,LOSC Lille,Mil.,GUI,2021-07-01 13:56:41.648858,2021-07-01 13:56:41.652471
151,M. Kapi,8/08/02,LOSC Lille,Mil.,TUR,2021-07-01 13:56:41.648858,2021-07-01 13:56:41.652471
152,E. Pizzuto,13/05/02,LOSC Lille,Mil.,MEX,2021-07-01 13:56:41.648858,2021-07-01 13:56:41.652471
153,R. Sanches,18/08/97,LOSC Lille,Mil.,POR,2021-07-01 13:56:41.648858,2021-07-01 13:56:41.652471
154,B. Soumaré,27/02/99,LOSC Lille,Mil.,FRA,2021-07-01 13:56:41.648858,2021-07-01 13:56:41.652471
155,Xeka,10/11/94,LOSC Lille,Mil.,POR,2021-07-01 13:56:41.648858,2021-07-01 13:56:41.652471
156,Y. Yazici,29/01/97,LOSC Lille,Mil.,TUR,2021-07-01 13:56:41.648858,2021-07-01 13:56:41.652471
157,A. Zekaj,16/04/00,LOSC Lille,Mil.,SER,2021-07-01 13:56:41.648858,2021-07-01 13:56:41.652471
158,L. Araujo,2/06/96,LOSC Lille,Att.,BRE,2021-07-01 13:56:41.648858,2021-07-01 13:56:41.652471
159,J. David,14/01/00,LOSC Lille,Att.,CAN,2021-07-01 13:56:41.648858,2021-07-01 13:56:41.652471
160,J. Ikoné,2/05/98,LOSC Lille,Att.,FRA,2021-07-01 13:56:41.648858,2021-07-01 13:56:41.652471
161,José Bica,16/06/03,LOSC Lille,Att.,POR,2021-07-01 13:56:41.648858,2021-07-01 13:56:41.652471
162,I. Lihadji,10/04/02,LOSC Lille,Att.,FRA,2021-07-01 13:56:41.648858,2021-07-01 13:56:41.652471
163,T. Weah,22/02/00,LOSC Lille,Att.,USA,2021-07-01 13:56:41.648858,2021-07-01 13:56:41.652471
164,B. Yilmaz,15/07/85,LOSC Lille,Att.,TUR,2021-07-01 13:56:41.648858,2021-07-01 13:56:41.652471
165,B. Yilmaz,15/07/85,LOSC Lille,Att.,TUR,2021-07-01 13:56:41.648858,2021-07-01 13:56:41.652471
166,T. Bartouche,5/06/97,Football Club Lorient-Bretagne Sud,Gar.,FRA,2021-07-01 13:56:41.648858,2021-07-01 13:56:41.652471
167,T. Callens,6/09/98,Football Club Lorient-Bretagne Sud,Gar.,FRA,2021-07-01 13:56:41.648858,2021-07-01 13:56:41.652471
168,M. Dreyer,20/03/89,Football Club Lorient-Bretagne Sud,Gar.,FRA,2021-07-01 13:56:41.648858,2021-07-01 13:56:41.652471
169,P. Nardi,18/05/94,Football Club Lorient-Bretagne Sud,Gar.,FRA,2021-07-01 13:56:41.648858,2021-07-01 13:56:41.652471
170,M. Doumbouya,14/03/00,Football Club Lorient-Bretagne Sud,Déf.,FRA,2021-07-01 13:56:41.648858,2021-07-01 13:56:41.652471
171,Y. Etienne,19/05/97,Football Club Lorient-Bretagne Sud,Déf.,FRA,2021-07-01 13:56:41.648858,2021-07-01 13:56:41.652471
172,T. Fontaine,8/05/91,Football Club Lorient-Bretagne Sud,Déf.,MAD,2021-07-01 13:56:41.648858,2021-07-01 13:56:41.652471
173,A. Gravillon,8/02/98,Football Club Lorient-Bretagne Sud,Déf.,FRA,2021-07-01 13:56:41.648858,2021-07-01 13:56:41.652471
174,J. Hergault,5/04/86,Football Club Lorient-Bretagne Sud,Déf.,FRA,2021-07-01 13:56:41.648858,2021-07-01 13:56:41.652471
175,J. Homawoo,12/11/97,Football Club Lorient-Bretagne Sud,Déf.,FRA,2021-07-01 13:56:41.648858,2021-07-01 13:56:41.652471
176,T. Ilori,26/02/93,Football Club Lorient-Bretagne Sud,Déf.,POR,2021-07-01 13:56:41.648858,2021-07-01 13:56:41.652471
177,J. Laporte,4/11/93,Football Club Lorient-Bretagne Sud,Déf.,FRA,2021-07-01 13:56:41.648858,2021-07-01 13:56:41.652471
178,V. Le Goff,15/10/89,Football Club Lorient-Bretagne Sud,Déf.,FRA,2021-07-01 13:56:41.648858,2021-07-01 13:56:41.652471
179,H. Mendes,4/05/98,Football Club Lorient-Bretagne Sud,Déf.,FRA,2021-07-01 13:56:41.648858,2021-07-01 13:56:41.652471
180,J. Morel,2/04/84,Football Club Lorient-Bretagne Sud,Déf.,MAD,2021-07-01 13:56:41.648858,2021-07-01 13:56:41.652471
181,L. Mouyokolo,22/05/01,Football Club Lorient-Bretagne Sud,Déf.,FRA,2021-07-01 13:56:41.648858,2021-07-01 13:56:41.652471
182,M. Saunier,7/02/90,Football Club Lorient-Bretagne Sud,Déf.,FRA,2021-07-01 13:56:41.648858,2021-07-01 13:56:41.652471
183,L. Abergel,1/02/93,Football Club Lorient-Bretagne Sud,Mil.,FRA,2021-07-01 13:56:41.648858,2021-07-01 13:56:41.652471
184,Q. Boisgard,17/03/97,Football Club Lorient-Bretagne Sud,Mil.,FRA,2021-07-01 13:56:41.648858,2021-07-01 13:56:41.652471
185,T. Chalobah,5/07/99,Football Club Lorient-Bretagne Sud,Mil.,ANG,2021-07-01 13:56:41.648858,2021-07-01 13:56:41.652471
186,J. Delaplace,20/03/86,Football Club Lorient-Bretagne Sud,Mil.,FRA,2021-07-01 13:56:41.648858,2021-07-01 13:56:41.652471
187,A. Laurienté,4/12/98,Football Club Lorient-Bretagne Sud,Mil.,FRA,2021-07-01 13:56:41.648858,2021-07-01 13:56:41.652471
188,E. Le Fée,3/02/00,Football Club Lorient-Bretagne Sud,Mil.,FRA,2021-07-01 13:56:41.648858,2021-07-01 13:56:41.652471
189,F. Lemoine,13/03/87,Football Club Lorient-Bretagne Sud,Mil.,FRA,2021-07-01 13:56:41.648858,2021-07-01 13:56:41.652471
190,S. Marveaux,15/04/86,Football Club Lorient-Bretagne Sud,Mil.,FRA,2021-07-01 13:56:41.648858,2021-07-01 13:56:41.652471
191,T. Monconduit,10/02/91,Football Club Lorient-Bretagne Sud,Mil.,FRA,2021-07-01 13:56:41.648858,2021-07-01 13:56:41.652471
192,F. Wadja,30/11/94,Football Club Lorient-Bretagne Sud,Mil.,CAM,2021-07-01 13:56:41.648858,2021-07-01 13:56:41.652471
193,S. Diarra,9/12/98,Football Club Lorient-Bretagne Sud,Att.,FRA,2021-07-01 13:56:41.648858,2021-07-01 13:56:41.652471
194,A. Grbic,4/08/96,Football Club Lorient-Bretagne Sud,Att.,AUT,2021-07-01 13:56:41.648858,2021-07-01 13:56:41.652471
195,P. Hamel,19/03/94,Football Club Lorient-Bretagne Sud,Att.,FRA,2021-07-01 13:56:41.648858,2021-07-01 13:56:41.652471
196,T. Moffi,25/05/99,Football Club Lorient-Bretagne Sud,Att.,NGA,2021-07-01 13:56:41.648858,2021-07-01 13:56:41.652471
197,D. Ouattara,11/02/02,Football Club Lorient-Bretagne Sud,Att.,BUF,2021-07-01 13:56:41.648858,2021-07-01 13:56:41.652471
198,Y. Wissa,3/09/96,Football Club Lorient-Bretagne Sud,Att.,FRA,2021-07-01 13:56:41.648858,2021-07-01 13:56:41.652471
199,Y. Wissa,3/09/96,Football Club Lorient-Bretagne Sud,Att.,FRA,2021-07-01 13:56:41.648858,2021-07-01 13:56:41.652471
200,M. Barcola,14/05/99,Olympique Lyonnais,Gar.,FRA,2021-07-01 13:56:41.648858,2021-07-01 13:56:41.652471
201,A. Lopes,1/10/90,Olympique Lyonnais,Gar.,POR,2021-07-01 13:56:41.648858,2021-07-01 13:56:41.652471
202,J. Pollersbeck,16/08/94,Olympique Lyonnais,Gar.,ALL,2021-07-01 13:56:41.648858,2021-07-01 13:56:41.652471
203,M. Bard,6/11/00,Olympique Lyonnais,Déf.,FRA,2021-07-01 13:56:41.648858,2021-07-01 13:56:41.652471
204,D. Benlamri,25/12/89,Olympique Lyonnais,Déf.,ALG,2021-07-01 13:56:41.648858,2021-07-01 13:56:41.652471
205,M. De Sciglio,20/10/92,Olympique Lyonnais,Déf.,ITA,2021-07-01 13:56:41.648858,2021-07-01 13:56:41.652471
206,J. Denayer,28/06/95,Olympique Lyonnais,Déf.,BEL,2021-07-01 13:56:41.648858,2021-07-01 13:56:41.652471
207,S. Diomandé,9/04/01,Olympique Lyonnais,Déf.,CIV,2021-07-01 13:56:41.648858,2021-07-01 13:56:41.652471
208,L. Dubois,14/09/94,Olympique Lyonnais,Déf.,FRA,2021-07-01 13:56:41.648858,2021-07-01 13:56:41.652471
209,M. Gusto,19/05/03,Olympique Lyonnais,Déf.,FRA,2021-07-01 13:56:41.648858,2021-07-01 13:56:41.652471
210,C. Lukeba,17/12/02,Olympique Lyonnais,Déf.,FRA,2021-07-01 13:56:41.648858,2021-07-01 13:56:41.652471
211,Marcelo,20/05/87,Olympique Lyonnais,Déf.,BRE,2021-07-01 13:56:41.648858,2021-07-01 13:56:41.652471
212,A. Ndiaye,10/04/02,Olympique Lyonnais,Déf.,SEN,2021-07-01 13:56:41.648858,2021-07-01 13:56:41.652471
213,Niakhate Ndiaye,10/04/02,Olympique Lyonnais,Déf.,SEN,2021-07-01 13:56:41.648858,2021-07-01 13:56:41.652471
214,C. Özkaçar,6/10/00,Olympique Lyonnais,Déf.,TUR,2021-07-01 13:56:41.648858,2021-07-01 13:56:41.652471
215,H. Aouar,30/06/98,Olympique Lyonnais,Mil.,FRA,2021-07-01 13:56:41.648858,2021-07-01 13:56:41.652471
216,M. Caqueret,15/02/00,Olympique Lyonnais,Mil.,FRA,2021-07-01 13:56:41.648858,2021-07-01 13:56:41.652471
217,R. Cherki,17/08/03,Olympique Lyonnais,Mil.,FRA,2021-07-01 13:56:41.648858,2021-07-01 13:56:41.652471
218,F. Da Silva,2/04/03,Olympique Lyonnais,Mil.,FRA,2021-07-01 13:56:41.648858,2021-07-01 13:56:41.652471
219,B. Guimaraes,16/11/97,Olympique Lyonnais,Mil.,BRE,2021-07-01 13:56:41.648858,2021-07-01 13:56:41.652471
220,T. Mendes,15/03/92,Olympique Lyonnais,Mil.,BRE,2021-07-01 13:56:41.648858,2021-07-01 13:56:41.652471
221,L. Paqueta,27/08/97,Olympique Lyonnais,Mil.,BRE,2021-07-01 13:56:41.648858,2021-07-01 13:56:41.652471
222,Y. Soumaré,23/06/00,Olympique Lyonnais,Mil.,FRA,2021-07-01 13:56:41.648858,2021-07-01 13:56:41.652471
223,M. Cornet,27/09/96,Olympique Lyonnais,Att.,CIV,2021-07-01 13:56:41.648858,2021-07-01 13:56:41.652471
224,M. Depay,13/02/94,Olympique Lyonnais,Att.,HOL,2021-07-01 13:56:41.648858,2021-07-01 13:56:41.652471
225,T. Kadewere,5/01/96,Olympique Lyonnais,Att.,ZIM,2021-07-01 13:56:41.648858,2021-07-01 13:56:41.652471
226,H. Keita,5/02/02,Olympique Lyonnais,Att.,MLI,2021-07-01 13:56:41.648858,2021-07-01 13:56:41.652471
227,S. Lega,21/01/03,Olympique Lyonnais,Att.,FRA,2021-07-01 13:56:41.648858,2021-07-01 13:56:41.652471
228,I. Slimani,18/06/88,Olympique Lyonnais,Att.,ALG,2021-07-01 13:56:41.648858,2021-07-01 13:56:41.652471
229,K. Toko Ekambi,14/09/92,Olympique Lyonnais,Att.,CAM,2021-07-01 13:56:41.648858,2021-07-01 13:56:41.652471
230,K. Toko Ekambi,14/09/92,Olympique Lyonnais,Att.,CAM,2021-07-01 13:56:41.648858,2021-07-01 13:56:41.652471
231,S. Mandanda,28/03/85,Olympique de Marseille,Gar.,FRA,2021-07-01 13:56:41.648858,2021-07-01 13:56:41.652471
232,S. Ngapandouetnbu,12/04/03,Olympique de Marseille,Gar.,CAM,2021-07-01 13:56:41.648858,2021-07-01 13:56:41.652471
233,Y. Pelé,4/11/82,Olympique de Marseille,Gar.,FRA,2021-07-01 13:56:41.648858,2021-07-01 13:56:41.652471
234,J. Amavi,9/03/94,Olympique de Marseille,Déf.,FRA,2021-07-01 13:56:41.648858,2021-07-01 13:56:41.652471
235,L. Balerdi,26/01/99,Olympique de Marseille,Déf.,ARG,2021-07-01 13:56:41.648858,2021-07-01 13:56:41.652471
236,D. Caleta-Car,17/09/96,Olympique de Marseille,Déf.,CRO,2021-07-01 13:56:41.648858,2021-07-01 13:56:41.652471
237,A. Gonzalez,8/01/90,Olympique de Marseille,Déf.,ESP,2021-07-01 13:56:41.648858,2021-07-01 13:56:41.652471
238,A. Kamardin,8/04/02,Olympique de Marseille,Déf.,FRA,2021-07-01 13:56:41.648858,2021-07-01 13:56:41.652471
239,P. Lirola,13/08/97,Olympique de Marseille,Déf.,ESP,2021-07-01 13:56:41.648858,2021-07-01 13:56:41.652471
240,Y. Nagatomo,12/09/86,Olympique de Marseille,Déf.,JAP,2021-07-01 13:56:41.648858,2021-07-01 13:56:41.652471
241,L. Perrin,19/11/98,Olympique de Marseille,Déf.,FRA,2021-07-01 13:56:41.648858,2021-07-01 13:56:41.652471
242,C. Rocchia,10/02/98,Olympique de Marseille,Déf.,FRA,2021-07-01 13:56:41.648858,2021-07-01 13:56:41.652471
243,H. Sakai,12/04/90,Olympique de Marseille,Déf.,JAP,2021-07-01 13:56:41.648858,2021-07-01 13:56:41.652471
244,U. Bertelli,15/07/03,Olympique de Marseille,Mil.,FRA,2021-07-01 13:56:41.648858,2021-07-01 13:56:41.652471
245,M. Cuisance,16/08/99,Olympique de Marseille,Mil.,FRA,2021-07-01 13:56:41.648858,2021-07-01 13:56:41.652471
246,P. Gueye,24/01/99,Olympique de Marseille,Mil.,FRA,2021-07-01 13:56:41.648858,2021-07-01 13:56:41.652471
247,B. Kamara,23/11/99,Olympique de Marseille,Mil.,FRA,2021-07-01 13:56:41.648858,2021-07-01 13:56:41.652471
248,S. Khaoui,27/04/95,Olympique de Marseille,Mil.,TUN,2021-07-01 13:56:41.648858,2021-07-01 13:56:41.652471
249,O. Ntcham,9/02/96,Olympique de Marseille,Mil.,FRA,2021-07-01 13:56:41.648858,2021-07-01 13:56:41.652471
250,D. Payet,29/03/87,Olympique de Marseille,Mil.,FRA,2021-07-01 13:56:41.648858,2021-07-01 13:56:41.652471
251,V. Rongier,7/12/94,Olympique de Marseille,Mil.,FRA,2021-07-01 13:56:41.648858,2021-07-01 13:56:41.652471
252,P. Sciortino,5/11/03,Olympique de Marseille,Mil.,FRA,2021-07-01 13:56:41.648858,2021-07-01 13:56:41.652471
253,C. Souaré,3/09/02,Olympique de Marseille,Mil.,FRA,2021-07-01 13:56:41.648858,2021-07-01 13:56:41.652471
254,O. Targhalline,20/05/02,Olympique de Marseille,Mil.,MAR,2021-07-01 13:56:41.648858,2021-07-01 13:56:41.652471
255,D. Benedetto,17/05/90,Olympique de Marseille,Att.,ARG,2021-07-01 13:56:41.648858,2021-07-01 13:56:41.652471
256,A. Dieng,1/09/00,Olympique de Marseille,Att.,SEN,2021-07-01 13:56:41.648858,2021-07-01 13:56:41.652471
257,V. Germain,17/04/90,Olympique de Marseille,Att.,FRA,2021-07-01 13:56:41.648858,2021-07-01 13:56:41.652471
258,Luis Henrique,14/12/01,Olympique de Marseille,Att.,BRE,2021-07-01 13:56:41.648858,2021-07-01 13:56:41.652471
259,A. Milik,28/02/94,Olympique de Marseille,Att.,POL,2021-07-01 13:56:41.648858,2021-07-01 13:56:41.652471
260,F. Thauvin,26/01/93,Olympique de Marseille,Att.,FRA,2021-07-01 13:56:41.648858,2021-07-01 13:56:41.652471
261,F. Thauvin,26/01/93,Olympique de Marseille,Att.,FRA,2021-07-01 13:56:41.648858,2021-07-01 13:56:41.652471
262,O. Ba,6/06/02,Football Club de Metz,Gar.,SEN,2021-07-01 13:56:41.648858,2021-07-01 13:56:41.652471
263,M. Caillard,12/05/94,Football Club de Metz,Gar.,FRA,2021-07-01 13:56:41.648858,2021-07-01 13:56:41.652471
264,A. Oukidja,19/07/88,Football Club de Metz,Gar.,ALG,2021-07-01 13:56:41.648858,2021-07-01 13:56:41.652471
265,E. Boahene,6/03/00,Football Club de Metz,Déf.,GHA,2021-07-01 13:56:41.648858,2021-07-01 13:56:41.652471
266,J. Boye,23/04/87,Football Club de Metz,Déf.,GHA,2021-07-01 13:56:41.648858,2021-07-01 13:56:41.652471
267,D. Bronn,19/06/95,Football Club de Metz,Déf.,TUN,2021-07-01 13:56:41.648858,2021-07-01 13:56:41.652471
268,M. Cabit,3/06/93,Football Club de Metz,Déf.,FRA,2021-07-01 13:56:41.648858,2021-07-01 13:56:41.652471
269,F. Centonze,16/01/96,Football Club de Metz,Déf.,FRA,2021-07-01 13:56:41.648858,2021-07-01 13:56:41.652471
270,T. Delaine,24/03/92,Football Club de Metz,Déf.,FRA,2021-07-01 13:56:41.648858,2021-07-01 13:56:41.652471
271,M. Fofana,21/01/98,Football Club de Metz,Déf.,MLI,2021-07-01 13:56:41.648858,2021-07-01 13:56:41.652471
272,B. Kouyaté,15/04/97,Football Club de Metz,Déf.,MLI,2021-07-01 13:56:41.648858,2021-07-01 13:56:41.652471
273,L. Lacroix,6/02/03,Football Club de Metz,Déf.,FRA,2021-07-01 13:56:41.648858,2021-07-01 13:56:41.652471
274,W. Mikelbrencis,25/02/04,Football Club de Metz,Déf.,FRA,2021-07-01 13:56:41.648858,2021-07-01 13:56:41.652471
275,M. Udol,20/03/96,Football Club de Metz,Déf.,FRA,2021-07-01 13:56:41.648858,2021-07-01 13:56:41.652471
276,V. Angban,29/09/96,Football Club de Metz,Mil.,CIV,2021-07-01 13:56:41.648858,2021-07-01 13:56:41.652471
277,Y. Maziz,24/06/98,Football Club de Metz,Mil.,FRA,2021-07-01 13:56:41.648858,2021-07-01 13:56:41.652471
278,H. Maïga,1/01/96,Football Club de Metz,Mil.,CIV,2021-07-01 13:56:41.648858,2021-07-01 13:56:41.652471
279,K. N'Doram,22/01/96,Football Club de Metz,Mil.,FRA,2021-07-01 13:56:41.648858,2021-07-01 13:56:41.652471
280,V. Pajot,19/08/90,Football Club de Metz,Mil.,FRA,2021-07-01 13:56:41.648858,2021-07-01 13:56:41.652471
281,P. Sarr,14/09/02,Football Club de Metz,Mil.,SEN,2021-07-01 13:56:41.648858,2021-07-01 13:56:41.652471
282,W. Tchimbembé,21/04/98,Football Club de Metz,Mil.,FRA,2021-07-01 13:56:41.648858,2021-07-01 13:56:41.652471
283,B. Traoré,20/08/01,Football Club de Metz,Mil.,MLI,2021-07-01 13:56:41.648858,2021-07-01 13:56:41.652471
284,T. Ambrose,28/03/97,Football Club de Metz,Att.,FRA,2021-07-01 13:56:41.648858,2021-07-01 13:56:41.652471
285,F. Boulaya,25/02/93,Football Club de Metz,Att.,FRA,2021-07-01 13:56:41.648858,2021-07-01 13:56:41.652471
286,V. Dias Goncalves,10/01/96,Football Club de Metz,Att.,CAV,2021-07-01 13:56:41.648858,2021-07-01 13:56:41.652471
287,M. Gueye,13/03/98,Football Club de Metz,Att.,SEN,2021-07-01 13:56:41.648858,2021-07-01 13:56:41.652471
288,A. Leya Iseka,15/11/97,Football Club de Metz,Att.,BEL,2021-07-01 13:56:41.648858,2021-07-01 13:56:41.652471
289,O. Nguette,8/07/94,Football Club de Metz,Att.,SEN,2021-07-01 13:56:41.648858,2021-07-01 13:56:41.652471
290,I. Niane,11/03/99,Football Club de Metz,Att.,SEN,2021-07-01 13:56:41.648858,2021-07-01 13:56:41.652471
291,P. Yade,5/01/00,Football Club de Metz,Att.,SEN,2021-07-01 13:56:41.648858,2021-07-01 13:56:41.652471
292,P. Yade,5/01/00,Football Club de Metz,Att.,SEN,2021-07-01 13:56:41.648858,2021-07-01 13:56:41.652471
293,B. Lecomte,26/04/91,Association sportive de Monaco FC,Gar.,FRA,2021-07-01 13:56:41.648858,2021-07-01 13:56:41.652471
294,Y. Liénard,,Association sportive de Monaco FC,Gar.,FRA,2021-07-01 13:56:41.648858,2021-07-01 13:56:41.652471
295,R. Majecki,16/11/99,Association sportive de Monaco FC,Gar.,POL,2021-07-01 13:56:41.648858,2021-07-01 13:56:41.652471
296,V. Mannone,2/03/88,Association sportive de Monaco FC,Gar.,ITA,2021-07-01 13:56:41.648858,2021-07-01 13:56:41.652471
297,R. Aguilar,26/04/93,Association sportive de Monaco FC,Déf.,FRA,2021-07-01 13:56:41.648858,2021-07-01 13:56:41.652471
298,B. Badiashile,26/03/01,Association sportive de Monaco FC,Déf.,FRA,2021-07-01 13:56:41.648858,2021-07-01 13:56:41.652471
299,F. Ballo-Touré,3/01/97,Association sportive de Monaco FC,Déf.,SEN,2021-07-01 13:56:41.648858,2021-07-01 13:56:41.652471
300,A. Disasi,11/03/98,Association sportive de Monaco FC,Déf.,FRA,2021-07-01 13:56:41.648858,2021-07-01 13:56:41.652471
301,G. Maripan,6/05/94,Association sportive de Monaco FC,Déf.,CHL,2021-07-01 13:56:41.648858,2021-07-01 13:56:41.652471
302,C. Matsima,15/05/02,Association sportive de Monaco FC,Déf.,FRA,2021-07-01 13:56:41.648858,2021-07-01 13:56:41.652471
303,D. Sidibé,29/07/92,Association sportive de Monaco FC,Déf.,FRA,2021-07-01 13:56:41.648858,2021-07-01 13:56:41.652471
304,Y. Aït-Bennasser,7/07/96,Association sportive de Monaco FC,Mil.,MAR,2021-07-01 13:56:41.648858,2021-07-01 13:56:41.652471
305,Caio Henrique,31/07/97,Association sportive de Monaco FC,Mil.,BRE,2021-07-01 13:56:41.648858,2021-07-01 13:56:41.652471
306,S. Diop,9/06/00,Association sportive de Monaco FC,Mil.,FRA,2021-07-01 13:56:41.648858,2021-07-01 13:56:41.652471
307,F. Fabregas,4/05/87,Association sportive de Monaco FC,Mil.,ESP,2021-07-01 13:56:41.648858,2021-07-01 13:56:41.652471
308,Y. Fofana,10/01/99,Association sportive de Monaco FC,Mil.,FRA,2021-07-01 13:56:41.648858,2021-07-01 13:56:41.652471
309,A. Golovine,30/05/96,Association sportive de Monaco FC,Mil.,RUS,2021-07-01 13:56:41.648858,2021-07-01 13:56:41.652471
310,F. Luis,19/08/99,Association sportive de Monaco FC,Mil.,POR,2021-07-01 13:56:41.648858,2021-07-01 13:56:41.652471
311,E. Matazo,15/02/02,Association sportive de Monaco FC,Mil.,BEL,2021-07-01 13:56:41.648858,2021-07-01 13:56:41.652471
312,E. Millot,17/06/02,Association sportive de Monaco FC,Mil.,FRA,2021-07-01 13:56:41.648858,2021-07-01 13:56:41.652471
313,A. Tchouaméni,27/01/00,Association sportive de Monaco FC,Mil.,FRA,2021-07-01 13:56:41.648858,2021-07-01 13:56:41.652471
314,W. Ben Yedder,12/08/90,Association sportive de Monaco FC,Att.,FRA,2021-07-01 13:56:41.648858,2021-07-01 13:56:41.652471
315,V. Decarpentrie,6/01/02,Association sportive de Monaco FC,Att.,FRA,2021-07-01 13:56:41.648858,2021-07-01 13:56:41.652471
316,K. Diatta,25/02/99,Association sportive de Monaco FC,Att.,SEN,2021-07-01 13:56:41.648858,2021-07-01 13:56:41.652471
317,W. Geubbels,16/08/01,Association sportive de Monaco FC,Att.,FRA,2021-07-01 13:56:41.648858,2021-07-01 13:56:41.652471
318,S. Jovetic,2/11/89,Association sportive de Monaco FC,Att.,MNE,2021-07-01 13:56:41.648858,2021-07-01 13:56:41.652471
319,G. Martins,11/05/95,Association sportive de Monaco FC,Att.,POR,2021-07-01 13:56:41.648858,2021-07-01 13:56:41.652471
320,P. Pellegri,17/03/01,Association sportive de Monaco FC,Att.,ITA,2021-07-01 13:56:41.648858,2021-07-01 13:56:41.652471
321,K. Volland,30/07/92,Association sportive de Monaco FC,Att.,ALL,2021-07-01 13:56:41.648858,2021-07-01 13:56:41.652471
322,K. Volland,30/07/92,Association sportive de Monaco FC,Att.,ALL,2021-07-01 13:56:41.648858,2021-07-01 13:56:41.652471
323,D. Bertaud,6/06/98,Montpellier-Herault Sport Club,Gar.,FRA,2021-07-01 13:56:41.648858,2021-07-01 13:56:41.652471
324,M. Carvalho,28/04/99,Montpellier-Herault Sport Club,Gar.,FRA,2021-07-01 13:56:41.648858,2021-07-01 13:56:41.652471
325,J. Omlin,10/01/94,Montpellier-Herault Sport Club,Gar.,SUI,2021-07-01 13:56:41.648858,2021-07-01 13:56:41.652471
326,D. Congré,5/04/85,Montpellier-Herault Sport Club,Déf.,FRA,2021-07-01 13:56:41.648858,2021-07-01 13:56:41.652471
327,N. Cozza,8/01/99,Montpellier-Herault Sport Club,Déf.,FRA,2021-07-01 13:56:41.648858,2021-07-01 13:56:41.652471
328,M. Estève,26/05/02,Montpellier-Herault Sport Club,Déf.,FRA,2021-07-01 13:56:41.648858,2021-07-01 13:56:41.652471
329,V. Hilton,13/09/77,Montpellier-Herault Sport Club,Déf.,BRE,2021-07-01 13:56:41.648858,2021-07-01 13:56:41.652471
330,P. Mendes,1/10/90,Montpellier-Herault Sport Club,Déf.,POR,2021-07-01 13:56:41.648858,2021-07-01 13:56:41.652471
331,A. Oyongo,22/06/91,Montpellier-Herault Sport Club,Déf.,CAM,2021-07-01 13:56:41.648858,2021-07-01 13:56:41.652471
332,M. Ristic,31/10/95,Montpellier-Herault Sport Club,Déf.,SER,2021-07-01 13:56:41.648858,2021-07-01 13:56:41.652471
333,A. Souquet,12/02/92,Montpellier-Herault Sport Club,Déf.,FRA,2021-07-01 13:56:41.648858,2021-07-01 13:56:41.652471
334,M. Suarez,24/06/96,Montpellier-Herault Sport Club,Déf.,URU,2021-07-01 13:56:41.648858,2021-07-01 13:56:41.652471
335,T. Tamas,20/02/01,Montpellier-Herault Sport Club,Déf.,FRA,2021-07-01 13:56:41.648858,2021-07-01 13:56:41.652471
336,Thuler,10/03/99,Montpellier-Herault Sport Club,Déf.,BRE,2021-07-01 13:56:41.648858,2021-07-01 13:56:41.652471
337,C. Vidal,18/06/00,Montpellier-Herault Sport Club,Déf.,FRA,2021-07-01 13:56:41.648858,2021-07-01 13:56:41.652471
338,S. Benchamma,25/06/00,Montpellier-Herault Sport Club,Mil.,FRA,2021-07-01 13:56:41.648858,2021-07-01 13:56:41.652471
339,J. Chotard,24/09/01,Montpellier-Herault Sport Club,Mil.,FRA,2021-07-01 13:56:41.648858,2021-07-01 13:56:41.652471
340,S. Delaye,23/04/02,Montpellier-Herault Sport Club,Mil.,FRA,2021-07-01 13:56:41.648858,2021-07-01 13:56:41.652471
341,K. Dolly,22/01/93,Montpellier-Herault Sport Club,Mil.,AFS,2021-07-01 13:56:41.648858,2021-07-01 13:56:41.652471
342,J. Ferri,12/03/92,Montpellier-Herault Sport Club,Mil.,FRA,2021-07-01 13:56:41.648858,2021-07-01 13:56:41.652471
343,D. Le Tallec,19/04/90,Montpellier-Herault Sport Club,Mil.,FRA,2021-07-01 13:56:41.648858,2021-07-01 13:56:41.652471
344,F. Mollet,19/11/91,Montpellier-Herault Sport Club,Mil.,FRA,2021-07-01 13:56:41.648858,2021-07-01 13:56:41.652471
345,J. Sambia,7/09/96,Montpellier-Herault Sport Club,Mil.,FRA,2021-07-01 13:56:41.648858,2021-07-01 13:56:41.652471
346,T. Savanier,22/12/91,Montpellier-Herault Sport Club,Mil.,FRA,2021-07-01 13:56:41.648858,2021-07-01 13:56:41.652471
347,S. Wahi,2/01/03,Montpellier-Herault Sport Club,Mil.,FRA,2021-07-01 13:56:41.648858,2021-07-01 13:56:41.652471
348,Y. Ammour,21/05/99,Montpellier-Herault Sport Club,Att.,FRA,2021-07-01 13:56:41.648858,2021-07-01 13:56:41.652471
349,A. Ben Achour,1/02/02,Montpellier-Herault Sport Club,Att.,FRA,2021-07-01 13:56:41.648858,2021-07-01 13:56:41.652471
350,A. Delort,9/10/91,Montpellier-Herault Sport Club,Att.,ALG,2021-07-01 13:56:41.648858,2021-07-01 13:56:41.652471
351,G. Laborde,3/05/94,Montpellier-Herault Sport Club,Att.,FRA,2021-07-01 13:56:41.648858,2021-07-01 13:56:41.652471
352,B. Makouana,28/09/02,Montpellier-Herault Sport Club,Att.,CON,2021-07-01 13:56:41.648858,2021-07-01 13:56:41.652471
353,S. Mavididi,31/05/98,Montpellier-Herault Sport Club,Att.,ANG,2021-07-01 13:56:41.648858,2021-07-01 13:56:41.652471
354,P. Skuletic,29/06/90,Montpellier-Herault Sport Club,Att.,SER,2021-07-01 13:56:41.648858,2021-07-01 13:56:41.652471
355,I. Yun,7/03/92,Montpellier-Herault Sport Club,Att.,CDS,2021-07-01 13:56:41.648858,2021-07-01 13:56:41.652471
356,I. Yun,7/03/92,Montpellier-Herault Sport Club,Att.,CDS,2021-07-01 13:56:41.648858,2021-07-01 13:56:41.652471
357,C. Jan,27/05/99,Football Club de Nantes,Gar.,FRA,2021-07-01 13:56:41.648858,2021-07-01 13:56:41.652471
358,A. Lafont,23/01/99,Football Club de Nantes,Gar.,FRA,2021-07-01 13:56:41.648858,2021-07-01 13:56:41.652471
359,D. Petric,24/05/88,Football Club de Nantes,Gar.,SLN,2021-07-01 13:56:41.648858,2021-07-01 13:56:41.652471
360,D. Appiah,9/06/92,Football Club de Nantes,Déf.,FRA,2021-07-01 13:56:41.648858,2021-07-01 13:56:41.652471
361,T. Basila,30/04/99,Football Club de Nantes,Déf.,FRA,2021-07-01 13:56:41.648858,2021-07-01 13:56:41.652471
362,J. Castelletto,26/01/95,Football Club de Nantes,Déf.,CAM,2021-07-01 13:56:41.648858,2021-07-01 13:56:41.652471
363,S. Corchia,1/11/90,Football Club de Nantes,Déf.,FRA,2021-07-01 13:56:41.648858,2021-07-01 13:56:41.652471
364,D. Fabio,9/07/90,Football Club de Nantes,Déf.,BRE,2021-07-01 13:56:41.648858,2021-07-01 13:56:41.652471
365,A. Girotto,17/02/92,Football Club de Nantes,Déf.,BRE,2021-07-01 13:56:41.648858,2021-07-01 13:56:41.652471
366,B. Mendy,12/01/00,Football Club de Nantes,Déf.,FRA,2021-07-01 13:56:41.648858,2021-07-01 13:56:41.652471
367,N. Pallois,19/09/87,Football Club de Nantes,Déf.,FRA,2021-07-01 13:56:41.648858,2021-07-01 13:56:41.652471
368,A. Sylla,10/04/00,Football Club de Nantes,Déf.,GUI,2021-07-01 13:56:41.648858,2021-07-01 13:56:41.652471
369,C. Traoré,1/01/92,Football Club de Nantes,Déf.,MLI,2021-07-01 13:56:41.648858,2021-07-01 13:56:41.652471
370,A. Walongwa,15/10/93,Football Club de Nantes,Déf.,RDC,2021-07-01 13:56:41.648858,2021-07-01 13:56:41.652471
371,L. Blas,31/12/98,Football Club de Nantes,Mil.,FRA,2021-07-01 13:56:41.648858,2021-07-01 13:56:41.652471
372,P. Chirivella,23/05/97,Football Club de Nantes,Mil.,ESP,2021-07-01 13:56:41.648858,2021-07-01 13:56:41.652471
373,M. Coco,24/06/96,Football Club de Nantes,Mil.,FRA,2021-07-01 13:56:41.648858,2021-07-01 13:56:41.652471
374,A. Limbombe,15/07/94,Football Club de Nantes,Mil.,BEL,2021-07-01 13:56:41.648858,2021-07-01 13:56:41.652471
375,I. Louza,1/05/99,Football Club de Nantes,Mil.,FRA,2021-07-01 13:56:41.648858,2021-07-01 13:56:41.652471
376,Q. Merlin,16/05/02,Football Club de Nantes,Mil.,FRA,2021-07-01 13:56:41.648858,2021-07-01 13:56:41.652471
377,R. Pereira de Sa,10/12/96,Football Club de Nantes,Mil.,FRA,2021-07-01 13:56:41.648858,2021-07-01 13:56:41.652471
378,A. Touré,3/03/94,Football Club de Nantes,Mil.,FRA,2021-07-01 13:56:41.648858,2021-07-01 13:56:41.652471
379,J. Augustin,16/06/97,Football Club de Nantes,Att.,FRA,2021-07-01 13:56:41.648858,2021-07-01 13:56:41.652471
380,A. Bamba,25/05/94,Football Club de Nantes,Att.,FRA,2021-07-01 13:56:41.648858,2021-07-01 13:56:41.652471
381,K. Coulibaly,21/08/91,Football Club de Nantes,Att.,MLI,2021-07-01 13:56:41.648858,2021-07-01 13:56:41.652471
382,R. Emond,5/12/91,Football Club de Nantes,Att.,BEL,2021-07-01 13:56:41.648858,2021-07-01 13:56:41.652471
383,R. Kolo Muani,5/12/98,Football Club de Nantes,Att.,FRA,2021-07-01 13:56:41.648858,2021-07-01 13:56:41.652471
384,B. Ndilu,21/07/00,Football Club de Nantes,Att.,FRA,2021-07-01 13:56:41.648858,2021-07-01 13:56:41.652471
385,M. Simon,12/07/95,Football Club de Nantes,Att.,NGA,2021-07-01 13:56:41.648858,2021-07-01 13:56:41.652471
386,M. Simon,12/07/95,Football Club de Nantes,Att.,NGA,2021-07-01 13:56:41.648858,2021-07-01 13:56:41.652471
387,W. Benitez,19/01/93,Olympique Gymnaste Club Nice Côte d'Azur,Gar.,ARG,2021-07-01 13:56:41.648858,2021-07-01 13:56:41.652471
388,T. Boulhendi,9/04/01,Olympique Gymnaste Club Nice Côte d'Azur,Gar.,FRA,2021-07-01 13:56:41.648858,2021-07-01 13:56:41.652471
389,Y. Cardinale,27/03/94,Olympique Gymnaste Club Nice Côte d'Azur,Gar.,FRA,2021-07-01 13:56:41.648858,2021-07-01 13:56:41.652471
390,J. Rolland,31/03/01,Olympique Gymnaste Club Nice Côte d'Azur,Gar.,FRA,2021-07-01 13:56:41.648858,2021-07-01 13:56:41.652471
391,Y. Atal,17/05/96,Olympique Gymnaste Club Nice Côte d'Azur,Déf.,ALG,2021-07-01 13:56:41.648858,2021-07-01 13:56:41.652471
392,R. Bambu,12/11/97,Olympique Gymnaste Club Nice Côte d'Azur,Déf.,BRE,2021-07-01 13:56:41.648858,2021-07-01 13:56:41.652471
393,N. Crétier,14/11/01,Olympique Gymnaste Club Nice Côte d'Azur,Déf.,FRA,2021-07-01 13:56:41.648858,2021-07-01 13:56:41.652471
394,F. Daniliuc,27/04/01,Olympique Gymnaste Club Nice Côte d'Azur,Déf.,AUT,2021-07-01 13:56:41.648858,2021-07-01 13:56:41.652471
395,Dante,18/10/83,Olympique Gymnaste Club Nice Côte d'Azur,Déf.,BRE,2021-07-01 13:56:41.648858,2021-07-01 13:56:41.652471
396,H. Kamara,5/03/94,Olympique Gymnaste Club Nice Côte d'Azur,Déf.,FRA,2021-07-01 13:56:41.648858,2021-07-01 13:56:41.652471
397,J. Lotomba,29/09/98,Olympique Gymnaste Club Nice Côte d'Azur,Déf.,SUI,2021-07-01 13:56:41.648858,2021-07-01 13:56:41.652471
398,A. Mendy,27/05/04,Olympique Gymnaste Club Nice Côte d'Azur,Déf.,FRA,2021-07-01 13:56:41.648858,2021-07-01 13:56:41.652471
399,S. Nsoki,9/04/99,Olympique Gymnaste Club Nice Côte d'Azur,Déf.,FRA,2021-07-01 13:56:41.648858,2021-07-01 13:56:41.652471
400,A. Pelmard,12/03/00,Olympique Gymnaste Club Nice Côte d'Azur,Déf.,FRA,2021-07-01 13:56:41.648858,2021-07-01 13:56:41.652471
401,T. Pionnier-Ber...,21/01/02,Olympique Gymnaste Club Nice Côte d'Azur,Déf.,FRA,2021-07-01 13:56:41.648858,2021-07-01 13:56:41.652471
402,L. Prso,18/01/01,Olympique Gymnaste Club Nice Côte d'Azur,Déf.,FRA,2021-07-01 13:56:41.648858,2021-07-01 13:56:41.652471
403,W. Saliba,24/03/01,Olympique Gymnaste Club Nice Côte d'Azur,Déf.,FRA,2021-07-01 13:56:41.648858,2021-07-01 13:56:41.652471
404,S. Ben Seghir,24/02/03,Olympique Gymnaste Club Nice Côte d'Azur,Mil.,FRA,2021-07-01 13:56:41.648858,2021-07-01 13:56:41.652471
405,H. Boudaoui,23/09/99,Olympique Gymnaste Club Nice Côte d'Azur,Mil.,ALG,2021-07-01 13:56:41.648858,2021-07-01 13:56:41.652471
406,S. Kari,7/02/02,Olympique Gymnaste Club Nice Côte d'Azur,Mil.,FRA,2021-07-01 13:56:41.648858,2021-07-01 13:56:41.652471
407,P. Lees-Melou,25/05/93,Olympique Gymnaste Club Nice Côte d'Azur,Mil.,FRA,2021-07-01 13:56:41.648858,2021-07-01 13:56:41.652471
408,R. Lopes,28/12/95,Olympique Gymnaste Club Nice Côte d'Azur,Mil.,POR,2021-07-01 13:56:41.648858,2021-07-01 13:56:41.652471
409,J. Reine-Adélaïde,17/01/98,Olympique Gymnaste Club Nice Côte d'Azur,Mil.,FRA,2021-07-01 13:56:41.648858,2021-07-01 13:56:41.652471
410,M. Schneiderlin,8/11/89,Olympique Gymnaste Club Nice Côte d'Azur,Mil.,FRA,2021-07-01 13:56:41.648858,2021-07-01 13:56:41.652471
411,M. Sellouki,,Olympique Gymnaste Club Nice Côte d'Azur,Mil.,FRA,2021-07-01 13:56:41.648858,2021-07-01 13:56:41.652471
412,K. Thuram,26/03/01,Olympique Gymnaste Club Nice Côte d'Azur,Mil.,FRA,2021-07-01 13:56:41.648858,2021-07-01 13:56:41.652471
413,J. Todibo,30/12/99,Olympique Gymnaste Club Nice Côte d'Azur,Mil.,FRA,2021-07-01 13:56:41.648858,2021-07-01 13:56:41.652471
414,A. Trouillet,23/12/00,Olympique Gymnaste Club Nice Côte d'Azur,Mil.,FRA,2021-07-01 13:56:41.648858,2021-07-01 13:56:41.652471
415,P. Wade,17/04/00,Olympique Gymnaste Club Nice Côte d'Azur,Mil.,FRA,2021-07-01 13:56:41.648858,2021-07-01 13:56:41.652471
416,A. Claude-Maurice,6/06/98,Olympique Gymnaste Club Nice Côte d'Azur,Att.,FRA,2021-07-01 13:56:41.648858,2021-07-01 13:56:41.652471
417,K. Dolberg,6/10/97,Olympique Gymnaste Club Nice Côte d'Azur,Att.,DAN,2021-07-01 13:56:41.648858,2021-07-01 13:56:41.652471
418,A. Gouiri,16/02/00,Olympique Gymnaste Club Nice Côte d'Azur,Att.,FRA,2021-07-01 13:56:41.648858,2021-07-01 13:56:41.652471
419,M. Maolida,14/02/99,Olympique Gymnaste Club Nice Côte d'Azur,Att.,FRA,2021-07-01 13:56:41.648858,2021-07-01 13:56:41.652471
420,D. Ndoye,25/10/00,Olympique Gymnaste Club Nice Côte d'Azur,Att.,SUI,2021-07-01 13:56:41.648858,2021-07-01 13:56:41.652471
421,A. Parsemain,17/05/02,Olympique Gymnaste Club Nice Côte d'Azur,Att.,FRA,2021-07-01 13:56:41.648858,2021-07-01 13:56:41.652471
422,A. Sotona,7/12/02,Olympique Gymnaste Club Nice Côte d'Azur,Att.,IRL,2021-07-01 13:56:41.648858,2021-07-01 13:56:41.652471
423,K. Williams,12/03/03,Olympique Gymnaste Club Nice Côte d'Azur,Att.,ANG,2021-07-01 13:56:41.648858,2021-07-01 13:56:41.652471
424,K. Williams,12/03/03,Olympique Gymnaste Club Nice Côte d'Azur,Att.,ANG,2021-07-01 13:56:41.648858,2021-07-01 13:56:41.652471
425,L. Dias,22/05/99,Nîmes Olympique,Gar.,FRA,2021-07-01 13:56:41.648858,2021-07-01 13:56:41.652471
426,A. Nazih,18/01/02,Nîmes Olympique,Gar.,FRA,2021-07-01 13:56:41.648858,2021-07-01 13:56:41.652471
427,B. Reynet,28/10/90,Nîmes Olympique,Gar.,FRA,2021-07-01 13:56:41.648858,2021-07-01 13:56:41.652471
428,S. Alakouch,29/07/98,Nîmes Olympique,Déf.,FRA,2021-07-01 13:56:41.648858,2021-07-01 13:56:41.652471
429,A. Briançon,29/11/94,Nîmes Olympique,Déf.,FRA,2021-07-01 13:56:41.648858,2021-07-01 13:56:41.652471
430,P. Burner,11/04/96,Nîmes Olympique,Déf.,FRA,2021-07-01 13:56:41.648858,2021-07-01 13:56:41.652471
431,K. Guessoum,5/02/99,Nîmes Olympique,Déf.,FRA,2021-07-01 13:56:41.648858,2021-07-01 13:56:41.652471
432,L. Landre,5/05/92,Nîmes Olympique,Déf.,FRA,2021-07-01 13:56:41.648858,2021-07-01 13:56:41.652471
433,A. Malanda,29/10/01,Nîmes Olympique,Déf.,FRA,2021-07-01 13:56:41.648858,2021-07-01 13:56:41.652471
434,P. Martinez,21/02/89,Nîmes Olympique,Déf.,FRA,2021-07-01 13:56:41.648858,2021-07-01 13:56:41.652471
435,B. Meling,17/12/94,Nîmes Olympique,Déf.,NOR,2021-07-01 13:56:41.648858,2021-07-01 13:56:41.652471
436,F. Miguel,1/09/96,Nîmes Olympique,Déf.,FRA,2021-07-01 13:56:41.648858,2021-07-01 13:56:41.652471
437,G. Paquiez,15/02/94,Nîmes Olympique,Déf.,FRA,2021-07-01 13:56:41.648858,2021-07-01 13:56:41.652471
438,R. Ripart,14/03/93,Nîmes Olympique,Déf.,FRA,2021-07-01 13:56:41.648858,2021-07-01 13:56:41.652471
439,N. Ueda,24/10/94,Nîmes Olympique,Déf.,JAP,2021-07-01 13:56:41.648858,2021-07-01 13:56:41.652471
440,M. Ahlinvi,2/07/99,Nîmes Olympique,Mil.,FRA,2021-07-01 13:56:41.648858,2021-07-01 13:56:41.652471
441,Y. Benrahou,24/01/99,Nîmes Olympique,Mil.,FRA,2021-07-01 13:56:41.648858,2021-07-01 13:56:41.652471
442,L. Buades,28/12/97,Nîmes Olympique,Mil.,FRA,2021-07-01 13:56:41.648858,2021-07-01 13:56:41.652471
443,A. Cubas,22/05/96,Nîmes Olympique,Mil.,PAR,2021-07-01 13:56:41.648858,2021-07-01 13:56:41.652471
444,L. Deaux,26/12/88,Nîmes Olympique,Mil.,FRA,2021-07-01 13:56:41.648858,2021-07-01 13:56:41.652471
445,H. Duljevic,16/11/93,Nîmes Olympique,Mil.,BOS,2021-07-01 13:56:41.648858,2021-07-01 13:56:41.652471
446,N. Eliasson,7/12/95,Nîmes Olympique,Mil.,SUE,2021-07-01 13:56:41.648858,2021-07-01 13:56:41.652471
447,Z. Ferhat,1/03/93,Nîmes Olympique,Mil.,ALG,2021-07-01 13:56:41.648858,2021-07-01 13:56:41.652471
448,L. Fomba,26/01/98,Nîmes Olympique,Mil.,FRA,2021-07-01 13:56:41.648858,2021-07-01 13:56:41.652471
449,S. Sarr,5/06/96,Nîmes Olympique,Mil.,SEN,2021-07-01 13:56:41.648858,2021-07-01 13:56:41.652471
450,A. Valerio,11/12/99,Nîmes Olympique,Mil.,FRA,2021-07-01 13:56:41.648858,2021-07-01 13:56:41.652471
451,K. Aribi,24/06/94,Nîmes Olympique,Att.,ALG,2021-07-01 13:56:41.648858,2021-07-01 13:56:41.652471
452,S. Ben Amar,2/03/98,Nîmes Olympique,Att.,FRA,2021-07-01 13:56:41.648858,2021-07-01 13:56:41.652471
453,N. Chadli,28/07/01,Nîmes Olympique,Att.,FRA,2021-07-01 13:56:41.648858,2021-07-01 13:56:41.652471
454,C. Depres,25/11/94,Nîmes Olympique,Att.,FRA,2021-07-01 13:56:41.648858,2021-07-01 13:56:41.652471
455,M. Doucouré,22/05/00,Nîmes Olympique,Att.,FRA,2021-07-01 13:56:41.648858,2021-07-01 13:56:41.652471
456,M. Koné,30/12/97,Nîmes Olympique,Att.,SEN,2021-07-01 13:56:41.648858,2021-07-01 13:56:41.652471
457,M. Majouga,9/05/01,Nîmes Olympique,Att.,FRA,2021-07-01 13:56:41.648858,2021-07-01 13:56:41.652471
458,N. Roux,1/03/88,Nîmes Olympique,Att.,FRA,2021-07-01 13:56:41.648858,2021-07-01 13:56:41.652471
459,N. Roux,1/03/88,Nîmes Olympique,Att.,FRA,2021-07-01 13:56:41.648858,2021-07-01 13:56:41.652471
460,D. Franchi,22/10/02,Paris-Saint-Germain Football Club,Gar.,ITA,2021-07-01 13:56:41.648858,2021-07-01 13:56:41.652471
461,A. Letellier,11/12/90,Paris-Saint-Germain Football Club,Gar.,FRA,2021-07-01 13:56:41.648858,2021-07-01 13:56:41.652471
462,K. Navas,15/12/86,Paris-Saint-Germain Football Club,Gar.,CRI,2021-07-01 13:56:41.648858,2021-07-01 13:56:41.652471
463,M. Randriamamy,23/04/03,Paris-Saint-Germain Football Club,Gar.,MAD,2021-07-01 13:56:41.648858,2021-07-01 13:56:41.652471
464,S. Rico,1/09/93,Paris-Saint-Germain Football Club,Gar.,ESP,2021-07-01 13:56:41.648858,2021-07-01 13:56:41.652471
465,Y. Saidani,20/08/01,Paris-Saint-Germain Football Club,Gar.,FRA,2021-07-01 13:56:41.648858,2021-07-01 13:56:41.652471
466,M. Bakker,20/06/00,Paris-Saint-Germain Football Club,Déf.,HOL,2021-07-01 13:56:41.648858,2021-07-01 13:56:41.652471
467,J. Bernat,1/03/93,Paris-Saint-Germain Football Club,Déf.,ESP,2021-07-01 13:56:41.648858,2021-07-01 13:56:41.652471
468,C. Dagba,9/09/98,Paris-Saint-Germain Football Club,Déf.,FRA,2021-07-01 13:56:41.648858,2021-07-01 13:56:41.652471
469,A. Diallo,4/05/96,Paris-Saint-Germain Football Club,Déf.,SEN,2021-07-01 13:56:41.648858,2021-07-01 13:56:41.652471
470,A. Florenzi,11/03/91,Paris-Saint-Germain Football Club,Déf.,ITA,2021-07-01 13:56:41.648858,2021-07-01 13:56:41.652471
471,T. Kehrer,21/09/96,Paris-Saint-Germain Football Club,Déf.,ALL,2021-07-01 13:56:41.648858,2021-07-01 13:56:41.652471
472,P. Kimpembe,13/08/95,Paris-Saint-Germain Football Club,Déf.,FRA,2021-07-01 13:56:41.648858,2021-07-01 13:56:41.652471
473,L. Kurzawa,4/09/92,Paris-Saint-Germain Football Club,Déf.,FRA,2021-07-01 13:56:41.648858,2021-07-01 13:56:41.652471
474,Marquinhos,14/05/94,Paris-Saint-Germain Football Club,Déf.,BRE,2021-07-01 13:56:41.648858,2021-07-01 13:56:41.652471
475,T. Pembélé,9/09/02,Paris-Saint-Germain Football Club,Déf.,FRA,2021-07-01 13:56:41.648858,2021-07-01 13:56:41.652471
476,A. Di Maria,14/02/88,Paris-Saint-Germain Football Club,Mil.,ARG,2021-07-01 13:56:41.648858,2021-07-01 13:56:41.652471
477,J. Draxler,20/09/93,Paris-Saint-Germain Football Club,Mil.,ALL,2021-07-01 13:56:41.648858,2021-07-01 13:56:41.652471
478,I. Gharbi,10/04/04,Paris-Saint-Germain Football Club,Mil.,FRA,2021-07-01 13:56:41.648858,2021-07-01 13:56:41.652471
479,I. Gueye,26/09/89,Paris-Saint-Germain Football Club,Mil.,SEN,2021-07-01 13:56:41.648858,2021-07-01 13:56:41.652471
480,A. Herrera,14/08/89,Paris-Saint-Germain Football Club,Mil.,ESP,2021-07-01 13:56:41.648858,2021-07-01 13:56:41.652471
481,A. Kamara,6/11/04,Paris-Saint-Germain Football Club,Mil.,GUI,2021-07-01 13:56:41.648858,2021-07-01 13:56:41.652471
482,M. Kapo,19/01/01,Paris-Saint-Germain Football Club,Mil.,FRA,2021-07-01 13:56:41.648858,2021-07-01 13:56:41.652471
483,E. Michut,4/03/03,Paris-Saint-Germain Football Club,Mil.,FRA,2021-07-01 13:56:41.648858,2021-07-01 13:56:41.652471
484,L. Paredes,29/06/94,Paris-Saint-Germain Football Club,Mil.,ARG,2021-07-01 13:56:41.648858,2021-07-01 13:56:41.652471
485,D. Pereira,9/09/91,Paris-Saint-Germain Football Club,Mil.,POR,2021-07-01 13:56:41.648858,2021-07-01 13:56:41.652471
486,Rafinha,12/02/93,Paris-Saint-Germain Football Club,Mil.,BRE,2021-07-01 13:56:41.648858,2021-07-01 13:56:41.652471
487,K. Ruiz-Atil,26/08/02,Paris-Saint-Germain Football Club,Mil.,FRA,2021-07-01 13:56:41.648858,2021-07-01 13:56:41.652471
488,P. Sarabia,11/05/92,Paris-Saint-Germain Football Club,Mil.,ESP,2021-07-01 13:56:41.648858,2021-07-01 13:56:41.652471
489,X. Simons,21/04/03,Paris-Saint-Germain Football Club,Mil.,HOL,2021-07-01 13:56:41.648858,2021-07-01 13:56:41.652471
490,M. Verratti,5/11/92,Paris-Saint-Germain Football Club,Mil.,ITA,2021-07-01 13:56:41.648858,2021-07-01 13:56:41.652471
491,M. Icardi,19/02/93,Paris-Saint-Germain Football Club,Att.,ARG,2021-07-01 13:56:41.648858,2021-07-01 13:56:41.652471
492,M. Kean,28/02/00,Paris-Saint-Germain Football Club,Att.,ITA,2021-07-01 13:56:41.648858,2021-07-01 13:56:41.652471
493,K. Mbappé,20/12/98,Paris-Saint-Germain Football Club,Att.,FRA,2021-07-01 13:56:41.648858,2021-07-01 13:56:41.652471
494,K. Nagera,21/02/02,Paris-Saint-Germain Football Club,Att.,FRA,2021-07-01 13:56:41.648858,2021-07-01 13:56:41.652471
495,Neymar,5/02/92,Paris-Saint-Germain Football Club,Att.,BRE,2021-07-01 13:56:41.648858,2021-07-01 13:56:41.652471
496,Neymar,5/02/92,Paris-Saint-Germain Football Club,Att.,BRE,2021-07-01 13:56:41.648858,2021-07-01 13:56:41.652471
497,Y. Diouf,16/11/99,Stade de Reims,Gar.,FRA,2021-07-01 13:56:41.648858,2021-07-01 13:56:41.652471
498,D. Ndiaye,4/04/99,Stade de Reims,Gar.,FRA,2021-07-01 13:56:41.648858,2021-07-01 13:56:41.652471
499,L. Pelletier,3/02/00,Stade de Reims,Gar.,FRA,2021-07-01 13:56:41.648858,2021-07-01 13:56:41.652471
500,P. Rajkovic,31/10/95,Stade de Reims,Gar.,SER,2021-07-01 13:56:41.648858,2021-07-01 13:56:41.652471
501,Y. Abdelhamid,28/09/87,Stade de Reims,Déf.,MAR,2021-07-01 13:56:41.648858,2021-07-01 13:56:41.652471
502,T. De Smet,5/06/98,Stade de Reims,Déf.,BEL,2021-07-01 13:56:41.648858,2021-07-01 13:56:41.652471
503,F. Doucouré,3/02/01,Stade de Reims,Déf.,MLI,2021-07-01 13:56:41.648858,2021-07-01 13:56:41.652471
504,W. Faes,3/04/98,Stade de Reims,Déf.,BEL,2021-07-01 13:56:41.648858,2021-07-01 13:56:41.652471
505,T. Foket,25/09/94,Stade de Reims,Déf.,BEL,2021-07-01 13:56:41.648858,2021-07-01 13:56:41.652471
506,G. Konan,27/12/95,Stade de Reims,Déf.,CIV,2021-07-01 13:56:41.648858,2021-07-01 13:56:41.652471
507,B. Locko,6/05/02,Stade de Reims,Déf.,FRA,2021-07-01 13:56:41.648858,2021-07-01 13:56:41.652471
508,D. Maresic,29/09/99,Stade de Reims,Déf.,AUT,2021-07-01 13:56:41.648858,2021-07-01 13:56:41.652471
509,P. Mbow,7/02/92,Stade de Reims,Déf.,SEN,2021-07-01 13:56:41.648858,2021-07-01 13:56:41.652471
510,M. Mbow,8/03/00,Stade de Reims,Déf.,SEN,2021-07-01 13:56:41.648858,2021-07-01 13:56:41.652471
511,E. Valentim,11/09/00,Stade de Reims,Déf.,FRA,2021-07-01 13:56:41.648858,2021-07-01 13:56:41.652471
512,V. Berisha,7/02/93,Stade de Reims,Mil.,KOS,2021-07-01 13:56:41.648858,2021-07-01 13:56:41.652471
513,M. Cafaro,25/03/97,Stade de Reims,Mil.,FRA,2021-07-01 13:56:41.648858,2021-07-01 13:56:41.652471
514,M. Cassama,16/02/98,Stade de Reims,Mil.,GUB,2021-07-01 13:56:41.648858,2021-07-01 13:56:41.652471
515,X. Chavalerin,7/03/91,Stade de Reims,Mil.,FRA,2021-07-01 13:56:41.648858,2021-07-01 13:56:41.652471
516,M. Doumbia,15/08/94,Stade de Reims,Mil.,MLI,2021-07-01 13:56:41.648858,2021-07-01 13:56:41.652471
517,M. Drammeh,15/05/99,Stade de Reims,Mil.,FRA,2021-07-01 13:56:41.648858,2021-07-01 13:56:41.652471
518,D. Kutesa,6/12/97,Stade de Reims,Mil.,SUI,2021-07-01 13:56:41.648858,2021-07-01 13:56:41.652471
519,D. Lopy,2/02/02,Stade de Reims,Mil.,SEN,2021-07-01 13:56:41.648858,2021-07-01 13:56:41.652471
520,M. Munetsi,22/06/96,Stade de Reims,Mil.,ZIM,2021-07-01 13:56:41.648858,2021-07-01 13:56:41.652471
521,M. Sakava,26/12/00,Stade de Reims,Mil.,CAM,2021-07-01 13:56:41.648858,2021-07-01 13:56:41.652471
522,A. Zeneli,25/02/95,Stade de Reims,Mil.,KOS,2021-07-01 13:56:41.648858,2021-07-01 13:56:41.652471
523,B. Dia,16/11/96,Stade de Reims,Att.,SEN,2021-07-01 13:56:41.648858,2021-07-01 13:56:41.652471
524,H. Ekitike,20/06/02,Stade de Reims,Att.,FRA,2021-07-01 13:56:41.648858,2021-07-01 13:56:41.652471
525,A. Flips,18/01/00,Stade de Reims,Att.,FRA,2021-07-01 13:56:41.648858,2021-07-01 13:56:41.652471
526,N. Mbuku,16/03/02,Stade de Reims,Att.,FRA,2021-07-01 13:56:41.648858,2021-07-01 13:56:41.652471
527,K. Sierhuis,27/04/98,Stade de Reims,Att.,HOL,2021-07-01 13:56:41.648858,2021-07-01 13:56:41.652471
528,E. Touré,3/10/01,Stade de Reims,Att.,MLI,2021-07-01 13:56:41.648858,2021-07-01 13:56:41.652471
529,E. Touré,3/10/01,Stade de Reims,Att.,MLI,2021-07-01 13:56:41.648858,2021-07-01 13:56:41.652471
530,P. Bonet,13/02/03,Stade Rennais Football Club,Gar.,FRA,2021-07-01 13:56:41.648858,2021-07-01 13:56:41.652471
531,A. Gomis,5/09/93,Stade Rennais Football Club,Gar.,SEN,2021-07-01 13:56:41.648858,2021-07-01 13:56:41.652471
532,R. Salin,29/07/84,Stade Rennais Football Club,Gar.,FRA,2021-07-01 13:56:41.648858,2021-07-01 13:56:41.652471
533,N. Aguerd,30/03/96,Stade Rennais Football Club,Déf.,MAR,2021-07-01 13:56:41.648858,2021-07-01 13:56:41.652471
534,D. Da Silva,17/05/88,Stade Rennais Football Club,Déf.,FRA,2021-07-01 13:56:41.648858,2021-07-01 13:56:41.652471
535,H. Dalbert,8/09/93,Stade Rennais Football Club,Déf.,BRE,2021-07-01 13:56:41.648858,2021-07-01 13:56:41.652471
536,N. Diallo,29/03/96,Stade Rennais Football Club,Déf.,FRA,2021-07-01 13:56:41.648858,2021-07-01 13:56:41.652471
537,F. Maouassa,6/07/98,Stade Rennais Football Club,Déf.,FRA,2021-07-01 13:56:41.648858,2021-07-01 13:56:41.652471
538,G. Nyamsi,22/01/97,Stade Rennais Football Club,Déf.,FRA,2021-07-01 13:56:41.648858,2021-07-01 13:56:41.652471
539,W. Omari,23/04/00,Stade Rennais Football Club,Déf.,FRA,2021-07-01 13:56:41.648858,2021-07-01 13:56:41.652471
540,B. Soppy,21/02/02,Stade Rennais Football Club,Déf.,FRA,2021-07-01 13:56:41.648858,2021-07-01 13:56:41.652471
541,H. Traoré,27/01/92,Stade Rennais Football Club,Déf.,MLI,2021-07-01 13:56:41.648858,2021-07-01 13:56:41.652471
542,A. Truffert,20/11/01,Stade Rennais Football Club,Déf.,FRA,2021-07-01 13:56:41.648858,2021-07-01 13:56:41.652471
543,B. Bourigeaud,14/01/94,Stade Rennais Football Club,Mil.,FRA,2021-07-01 13:56:41.648858,2021-07-01 13:56:41.652471
544,E. Camavinga,10/11/02,Stade Rennais Football Club,Mil.,FRA,2021-07-01 13:56:41.648858,2021-07-01 13:56:41.652471
545,C. Grenier,7/01/91,Stade Rennais Football Club,Mil.,FRA,2021-07-01 13:56:41.648858,2021-07-01 13:56:41.652471
546,J. Léa-Siliki,12/06/96,Stade Rennais Football Club,Mil.,FRA,2021-07-01 13:56:41.648858,2021-07-01 13:56:41.652471
547,J. Martin,9/04/90,Stade Rennais Football Club,Mil.,FRA,2021-07-01 13:56:41.648858,2021-07-01 13:56:41.652471
548,S. Nzonzi,15/12/88,Stade Rennais Football Club,Mil.,FRA,2021-07-01 13:56:41.648858,2021-07-01 13:56:41.652471
549,F. Tait,2/02/93,Stade Rennais Football Club,Mil.,FRA,2021-07-01 13:56:41.648858,2021-07-01 13:56:41.652471
550,L. Ugochukwu,26/03/04,Stade Rennais Football Club,Mil.,FRA,2021-07-01 13:56:41.648858,2021-07-01 13:56:41.652471
551,M. Abline,28/03/03,Stade Rennais Football Club,Att.,FRA,2021-07-01 13:56:41.648858,2021-07-01 13:56:41.652471
552,R. Del Castillo,29/03/96,Stade Rennais Football Club,Att.,FRA,2021-07-01 13:56:41.648858,2021-07-01 13:56:41.652471
553,A. Diouf,17/05/03,Stade Rennais Football Club,Att.,FRA,2021-07-01 13:56:41.648858,2021-07-01 13:56:41.652471
554,J. Doku,27/05/02,Stade Rennais Football Club,Att.,BEL,2021-07-01 13:56:41.648858,2021-07-01 13:56:41.652471
555,G. Gboho,14/01/01,Stade Rennais Football Club,Att.,FRA,2021-07-01 13:56:41.648858,2021-07-01 13:56:41.652471
556,S. Guirassy,12/03/96,Stade Rennais Football Club,Att.,FRA,2021-07-01 13:56:41.648858,2021-07-01 13:56:41.652471
557,M. Terrier,4/03/97,Stade Rennais Football Club,Att.,FRA,2021-07-01 13:56:41.648858,2021-07-01 13:56:41.652471
558,M. Terrier,4/03/97,Stade Rennais Football Club,Att.,FRA,2021-07-01 13:56:41.648858,2021-07-01 13:56:41.652471
559,S. Bajic,23/12/01,Association Sportive de St-Etienne,Gar.,FRA,2021-07-01 13:56:41.648858,2021-07-01 13:56:41.652471
560,B. Fall,3/02/01,Association Sportive de St-Etienne,Gar.,SEN,2021-07-01 13:56:41.648858,2021-07-01 13:56:41.652471
561,E. Green,19/07/00,Association Sportive de St-Etienne,Gar.,FRA,2021-07-01 13:56:41.648858,2021-07-01 13:56:41.652471
562,J. Moulin,13/01/86,Association Sportive de St-Etienne,Gar.,FRA,2021-07-01 13:56:41.648858,2021-07-01 13:56:41.652471
563,N. Ouennas,12/07/03,Association Sportive de St-Etienne,Gar.,FRA,2021-07-01 13:56:41.648858,2021-07-01 13:56:41.652471
564,A. Bakayoko,15/12/02,Association Sportive de St-Etienne,Déf.,CIV,2021-07-01 13:56:41.648858,2021-07-01 13:56:41.652471
565,P. Cissé,14/09/95,Association Sportive de St-Etienne,Déf.,SEN,2021-07-01 13:56:41.648858,2021-07-01 13:56:41.652471
566,M. Debuchy,28/07/85,Association Sportive de St-Etienne,Déf.,FRA,2021-07-01 13:56:41.648858,2021-07-01 13:56:41.652471
567,S. Karamoko,10/10/99,Association Sportive de St-Etienne,Déf.,FRA,2021-07-01 13:56:41.648858,2021-07-01 13:56:41.652471
568,T. Kolodziejczak,1/10/91,Association Sportive de St-Etienne,Déf.,FRA,2021-07-01 13:56:41.648858,2021-07-01 13:56:41.652471
569,Y. Maçon,1/10/98,Association Sportive de St-Etienne,Déf.,FRA,2021-07-01 13:56:41.648858,2021-07-01 13:56:41.652471
570,H. Moukoudi,27/11/97,Association Sportive de St-Etienne,Déf.,FRA,2021-07-01 13:56:41.648858,2021-07-01 13:56:41.652471
571,P. Retsos,9/08/98,Association Sportive de St-Etienne,Déf.,GRE,2021-07-01 13:56:41.648858,2021-07-01 13:56:41.652471
572,G. Silva,13/05/91,Association Sportive de St-Etienne,Déf.,BRE,2021-07-01 13:56:41.648858,2021-07-01 13:56:41.652471
573,N. Sissoko,7/03/97,Association Sportive de St-Etienne,Déf.,FRA,2021-07-01 13:56:41.648858,2021-07-01 13:56:41.652471
574,R. Souici,28/02/98,Association Sportive de St-Etienne,Déf.,FRA,2021-07-01 13:56:41.648858,2021-07-01 13:56:41.652471
575,S. Sow,4/07/02,Association Sportive de St-Etienne,Déf.,FRA,2021-07-01 13:56:41.648858,2021-07-01 13:56:41.652471
576,M. Trauco,25/08/92,Association Sportive de St-Etienne,Déf.,PER,2021-07-01 13:56:41.648858,2021-07-01 13:56:41.652471
577,M. Tshibuabua,8/01/02,Association Sportive de St-Etienne,Déf.,FRA,2021-07-01 13:56:41.648858,2021-07-01 13:56:41.652471
578,A. Aouchiche,15/07/02,Association Sportive de St-Etienne,Mil.,FRA,2021-07-01 13:56:41.648858,2021-07-01 13:56:41.652471
579,B. Benkhedim,20/04/01,Association Sportive de St-Etienne,Mil.,FRA,2021-07-01 13:56:41.648858,2021-07-01 13:56:41.652471
580,R. Boudebouz,19/02/90,Association Sportive de St-Etienne,Mil.,ALG,2021-07-01 13:56:41.648858,2021-07-01 13:56:41.652471
581,M. Camara,30/06/98,Association Sportive de St-Etienne,Mil.,FRA,2021-07-01 13:56:41.648858,2021-07-01 13:56:41.652471
582,B. Gabard,28/01/00,Association Sportive de St-Etienne,Mil.,FRA,2021-07-01 13:56:41.648858,2021-07-01 13:56:41.652471
583,L. Gourna-Douath,6/08/03,Association Sportive de St-Etienne,Mil.,FRA,2021-07-01 13:56:41.648858,2021-07-01 13:56:41.652471
584,R. Hamouma,29/03/87,Association Sportive de St-Etienne,Mil.,FRA,2021-07-01 13:56:41.648858,2021-07-01 13:56:41.652471
585,K. Monnet-Paquet,19/08/88,Association Sportive de St-Etienne,Mil.,FRA,2021-07-01 13:56:41.648858,2021-07-01 13:56:41.652471
586,A. Moueffek,9/04/01,Association Sportive de St-Etienne,Mil.,FRA,2021-07-01 13:56:41.648858,2021-07-01 13:56:41.652471
587,Y. Neyou,3/01/97,Association Sportive de St-Etienne,Mil.,CAM,2021-07-01 13:56:41.648858,2021-07-01 13:56:41.652471
588,M. Saban,15/05/02,Association Sportive de St-Etienne,Mil.,FRA,2021-07-01 13:56:41.648858,2021-07-01 13:56:41.652471
589,T. Tormin,29/06/01,Association Sportive de St-Etienne,Mil.,FRA,2021-07-01 13:56:41.648858,2021-07-01 13:56:41.652471
590,Z. Youssouf,11/07/99,Association Sportive de St-Etienne,Mil.,FRA,2021-07-01 13:56:41.648858,2021-07-01 13:56:41.652471
591,C. Abi,12/04/00,Association Sportive de St-Etienne,Att.,FRA,2021-07-01 13:56:41.648858,2021-07-01 13:56:41.652471
592,D. Bouanga,11/11/94,Association Sportive de St-Etienne,Att.,GAB,2021-07-01 13:56:41.648858,2021-07-01 13:56:41.652471
593,E. Correia,6/06/00,Association Sportive de St-Etienne,Att.,GUB,2021-07-01 13:56:41.648858,2021-07-01 13:56:41.652471
594,W. Khazri,8/02/91,Association Sportive de St-Etienne,Att.,TUN,2021-07-01 13:56:41.648858,2021-07-01 13:56:41.652471
595,Y. Lhéry,7/05/03,Association Sportive de St-Etienne,Att.,FRA,2021-07-01 13:56:41.648858,2021-07-01 13:56:41.652471
596,A. Modeste,14/04/88,Association Sportive de St-Etienne,Att.,FRA,2021-07-01 13:56:41.648858,2021-07-01 13:56:41.652471
597,A. Nordin,17/06/98,Association Sportive de St-Etienne,Att.,FRA,2021-07-01 13:56:41.648858,2021-07-01 13:56:41.652471
598,M. Rivera,30/05/02,Association Sportive de St-Etienne,Att.,FRA,2021-07-01 13:56:41.648858,2021-07-01 13:56:41.652471
599,A. Sidibé,9/02/02,Association Sportive de St-Etienne,Att.,FRA,2021-07-01 13:56:41.648858,2021-07-01 13:56:41.652471
600,A. Sidibé,9/02/02,Association Sportive de St-Etienne,Att.,FRA,2021-07-01 13:56:41.648858,2021-07-01 13:56:41.652471
601,A. Bellaarouch,1/01/02,Racing Club de Strasbourg Alsace,Gar.,MAR,2021-07-01 13:56:41.648858,2021-07-01 13:56:41.652471
602,B. Kamara,21/10/96,Racing Club de Strasbourg Alsace,Gar.,SEN,2021-07-01 13:56:41.648858,2021-07-01 13:56:41.652471
603,E. Kawashima,20/03/83,Racing Club de Strasbourg Alsace,Gar.,JAP,2021-07-01 13:56:41.648858,2021-07-01 13:56:41.652471
604,A. Pierre,25/02/01,Racing Club de Strasbourg Alsace,Gar.,FRA,2021-07-01 13:56:41.648858,2021-07-01 13:56:41.652471
605,M. Sels,26/02/92,Racing Club de Strasbourg Alsace,Gar.,BEL,2021-07-01 13:56:41.648858,2021-07-01 13:56:41.652471
606,I. Aaneba,29/05/99,Racing Club de Strasbourg Alsace,Déf.,FRA,2021-07-01 13:56:41.648858,2021-07-01 13:56:41.652471
607,A. Caci,1/07/97,Racing Club de Strasbourg Alsace,Déf.,FRA,2021-07-01 13:56:41.648858,2021-07-01 13:56:41.652471
608,L. Carole,12/04/91,Racing Club de Strasbourg Alsace,Déf.,FRA,2021-07-01 13:56:41.648858,2021-07-01 13:56:41.652471
609,A. Djiku,9/08/94,Racing Club de Strasbourg Alsace,Déf.,FRA,2021-07-01 13:56:41.648858,2021-07-01 13:56:41.652471
610,M. Elimbi Gilbert,20/02/03,Racing Club de Strasbourg Alsace,Déf.,FRA,2021-07-01 13:56:41.648858,2021-07-01 13:56:41.652471
611,F. Guilbert,24/12/94,Racing Club de Strasbourg Alsace,Déf.,FRA,2021-07-01 13:56:41.648858,2021-07-01 13:56:41.652471
612,L. Koné,1/02/89,Racing Club de Strasbourg Alsace,Déf.,CIV,2021-07-01 13:56:41.648858,2021-07-01 13:56:41.652471
613,S. Mitrovic,22/05/90,Racing Club de Strasbourg Alsace,Déf.,SER,2021-07-01 13:56:41.648858,2021-07-01 13:56:41.652471
614,A. Ousmane,22/02/00,Racing Club de Strasbourg Alsace,Déf.,FRA,2021-07-01 13:56:41.648858,2021-07-01 13:56:41.652471
615,M. Senaya,28/01/01,Racing Club de Strasbourg Alsace,Déf.,FRA,2021-07-01 13:56:41.648858,2021-07-01 13:56:41.652471
616,M. Simakan,3/05/00,Racing Club de Strasbourg Alsace,Déf.,FRA,2021-07-01 13:56:41.648858,2021-07-01 13:56:41.652471
617,J. Aholou,20/03/94,Racing Club de Strasbourg Alsace,Mil.,CIV,2021-07-01 13:56:41.648858,2021-07-01 13:56:41.652471
618,J. Bellegarde,27/06/98,Racing Club de Strasbourg Alsace,Mil.,FRA,2021-07-01 13:56:41.648858,2021-07-01 13:56:41.652471
619,B. Besic,2/06/02,Racing Club de Strasbourg Alsace,Mil.,BOS,2021-07-01 13:56:41.648858,2021-07-01 13:56:41.652471
620,M. Chahiri,25/07/96,Racing Club de Strasbourg Alsace,Mil.,FRA,2021-07-01 13:56:41.648858,2021-07-01 13:56:41.652471
621,A. Lebeau,26/01/98,Racing Club de Strasbourg Alsace,Mil.,FRA,2021-07-01 13:56:41.648858,2021-07-01 13:56:41.652471
622,D. Liénard,13/02/88,Racing Club de Strasbourg Alsace,Mil.,FRA,2021-07-01 13:56:41.648858,2021-07-01 13:56:41.652471
623,S. Prcic,20/11/93,Racing Club de Strasbourg Alsace,Mil.,BOS,2021-07-01 13:56:41.648858,2021-07-01 13:56:41.652471
624,M. Siby,7/07/96,Racing Club de Strasbourg Alsace,Mil.,FRA,2021-07-01 13:56:41.648858,2021-07-01 13:56:41.652471
625,I. Sissoko,27/10/97,Racing Club de Strasbourg Alsace,Mil.,FRA,2021-07-01 13:56:41.648858,2021-07-01 13:56:41.652471
626,N. Sommer,17/06/01,Racing Club de Strasbourg Alsace,Mil.,FRA,2021-07-01 13:56:41.648858,2021-07-01 13:56:41.652471
627,A. Thomasson,10/12/93,Racing Club de Strasbourg Alsace,Mil.,FRA,2021-07-01 13:56:41.648858,2021-07-01 13:56:41.652471
628,L. Ajorque,25/02/94,Racing Club de Strasbourg Alsace,Att.,FRA,2021-07-01 13:56:41.648858,2021-07-01 13:56:41.652471
629,H. Diallo,15/06/95,Racing Club de Strasbourg Alsace,Att.,SEN,2021-07-01 13:56:41.648858,2021-07-01 13:56:41.652471
630,L. Mothiba,28/01/96,Racing Club de Strasbourg Alsace,Att.,AFS,2021-07-01 13:56:41.648858,2021-07-01 13:56:41.652471
631,I. Saadi,8/02/92,Racing Club de Strasbourg Alsace,Att.,ALG,2021-07-01 13:56:41.648858,2021-07-01 13:56:41.652471
632,M. Sahi,20/12/01,Racing Club de Strasbourg Alsace,Att.,MLI,2021-07-01 13:56:41.648858,2021-07-01 13:56:41.652471
633,A. Waris,19/09/91,Racing Club de Strasbourg Alsace,Att.,GHA,2021-07-01 13:56:41.648858,2021-07-01 13:56:41.652471
634,K. Zohi,19/12/96,Racing Club de Strasbourg Alsace,Att.,CIV,2021-07-01 13:56:41.648858,2021-07-01 13:56:41.652471
635,K. Zohi,19/12/96,Racing Club de Strasbourg Alsace,Att.,CIV,2021-07-01 13:56:41.648858,2021-07-01 13:56:41.652471
